-10,-8,glPP8FWkXk8eGmaGI9CeNJ5CZsg=,5EwwIii0H0KtM2BjA2q9MrjTbvU=
-9,-9,glPP8FWkXk8eGmaGI9CeNJ5CZsg=,nDJdUsFJOqUNVUbSryyZ/HwQJ9A=
-9,-8,+XQgD/U2p+MZmkpx6t1vLfaH0r8=,5EwwIii0H0KtM2BjA2q9MrjTbvU=
-10,-9,+XQgD/U2p+MZmkpx6t1vLfaH0r8=,nDJdUsFJOqUNVUbSryyZ/HwQJ9A=
-9,-10,+XQgD/U2p+MZmkpx6t1vLfaH0r8=,nDJdUsFJOqUNVUbSryyZ/HwQJ9A=
-10,-10,+XQgD/U2p+MZmkpx6t1vLfaH0r8=,nDJdUsFJOqUNVUbSryyZ/HwQJ9A=
-8,-10,+XQgD/U2p+MZmkpx6t1vLfaH0r8=,xykwtkCX+PyhiXbcw4wq+6sv2Pg=
-7,-9,+XQgD/U2p+MZmkpx6t1vLfaH0r8=,xykwtkCX+PyhiXbcw4wq+6sv2Pg=
-8,-7,+XQgD/U2p+MZmkpx6t1vLfaH0r8=,BfDmekERaUqPGC2kRfmlgQAY9v8=
-10,-7,+XQgD/U2p+MZmkpx6t1vLfaH0r8=,5EwwIii0H0KtM2BjA2q9MrjTbvU=
-8,-9,+XQgD/U2p+MZmkpx6t1vLfaH0r8=,xykwtkCX+PyhiXbcw4wq+6sv2Pg=
-7,-10,+XQgD/U2p+MZmkpx6t1vLfaH0r8=,xykwtkCX+PyhiXbcw4wq+6sv2Pg=
-8,-8,+XQgD/U2p+MZmkpx6t1vLfaH0r8=,BfDmekERaUqPGC2kRfmlgQAY9v8=
-7,-8,+XQgD/U2p+MZmkpx6t1vLfaH0r8=,BfDmekERaUqPGC2kRfmlgQAY9v8=
-7,-7,+XQgD/U2p+MZmkpx6t1vLfaH0r8=,BfDmekERaUqPGC2kRfmlgQAY9v8=
-9,-7,+XQgD/U2p+MZmkpx6t1vLfaH0r8=,5EwwIii0H0KtM2BjA2q9MrjTbvU=
-4,-9,T91NJiyjjR5eL0usJYndZ+KhwrU=,SH8+lYFBmOBWFpq41GhIsKF0zu0=
-5,-9,T91NJiyjjR5eL0usJYndZ+KhwrU=,xykwtkCX+PyhiXbcw4wq+6sv2Pg=
-5,-10,T91NJiyjjR5eL0usJYndZ+KhwrU=,xykwtkCX+PyhiXbcw4wq+6sv2Pg=
-3,-10,T91NJiyjjR5eL0usJYndZ+KhwrU=,SH8+lYFBmOBWFpq41GhIsKF0zu0=
-6,-9,T91NJiyjjR5eL0usJYndZ+KhwrU=,xykwtkCX+PyhiXbcw4wq+6sv2Pg=
-4,-10,T91NJiyjjR5eL0usJYndZ+KhwrU=,SH8+lYFBmOBWFpq41GhIsKF0zu0=
-5,-8,7ycsyTBrKWdACp+QXN5A4mg598E=,BfDmekERaUqPGC2kRfmlgQAY9v8=
-6,-10,7ycsyTBrKWdACp+QXN5A4mg598E=,xykwtkCX+PyhiXbcw4wq+6sv2Pg=
-4,-7,7ycsyTBrKWdACp+QXN5A4mg598E=,CRVqZ7evMhxgj5fPGhr1vTEQ6RA=
-4,-8,7ycsyTBrKWdACp+QXN5A4mg598E=,CRVqZ7evMhxgj5fPGhr1vTEQ6RA=
-3,-9,7ycsyTBrKWdACp+QXN5A4mg598E=,SH8+lYFBmOBWFpq41GhIsKF0zu0=
-3,-7,7ycsyTBrKWdACp+QXN5A4mg598E=,CRVqZ7evMhxgj5fPGhr1vTEQ6RA=
-5,-7,7ycsyTBrKWdACp+QXN5A4mg598E=,BfDmekERaUqPGC2kRfmlgQAY9v8=
-6,-8,7ycsyTBrKWdACp+QXN5A4mg598E=,BfDmekERaUqPGC2kRfmlgQAY9v8=
-3,-8,7ycsyTBrKWdACp+QXN5A4mg598E=,CRVqZ7evMhxgj5fPGhr1vTEQ6RA=
-6,-7,qLAvaK72I5LkELoPTt0ErYOBikI=,BfDmekERaUqPGC2kRfmlgQAY9v8=
-5,-13,Z8bthewr/qVeExN2QOyVMyqbqSs=,EQ/mGFTMj4orL78k9i7xs17XnfE=
-6,-12,Z8bthewr/qVeExN2QOyVMyqbqSs=,xykwtkCX+PyhiXbcw4wq+6sv2Pg=
-3,-13,mbvk4a0v4WaYm5e6ui7dTTDuaEE=,HTfjk2fuuFFcuDlsvxfVyM28jOc=
-3,-12,mbvk4a0v4WaYm5e6ui7dTTDuaEE=,SH8+lYFBmOBWFpq41GhIsKF0zu0=
-4,-13,mbvk4a0v4WaYm5e6ui7dTTDuaEE=,HTfjk2fuuFFcuDlsvxfVyM28jOc=
-4,-12,mbvk4a0v4WaYm5e6ui7dTTDuaEE=,SH8+lYFBmOBWFpq41GhIsKF0zu0=
-3,-14,mbvk4a0v4WaYm5e6ui7dTTDuaEE=,HTfjk2fuuFFcuDlsvxfVyM28jOc=
-3,-11,mbvk4a0v4WaYm5e6ui7dTTDuaEE=,SH8+lYFBmOBWFpq41GhIsKF0zu0=
-4,-14,mbvk4a0v4WaYm5e6ui7dTTDuaEE=,HTfjk2fuuFFcuDlsvxfVyM28jOc=
-4,-11,mbvk4a0v4WaYm5e6ui7dTTDuaEE=,SH8+lYFBmOBWFpq41GhIsKF0zu0=
-5,-14,mbvk4a0v4WaYm5e6ui7dTTDuaEE=,EQ/mGFTMj4orL78k9i7xs17XnfE=
-5,-12,mbvk4a0v4WaYm5e6ui7dTTDuaEE=,xykwtkCX+PyhiXbcw4wq+6sv2Pg=
-6,-13,mbvk4a0v4WaYm5e6ui7dTTDuaEE=,EQ/mGFTMj4orL78k9i7xs17XnfE=
-6,-14,mbvk4a0v4WaYm5e6ui7dTTDuaEE=,EQ/mGFTMj4orL78k9i7xs17XnfE=
-6,-11,YG/HMi0v4eUtwFZoYSg+w/uet9Q=,xykwtkCX+PyhiXbcw4wq+6sv2Pg=
-5,-11,YG/HMi0v4eUtwFZoYSg+w/uet9Q=,xykwtkCX+PyhiXbcw4wq+6sv2Pg=
-11,-9,HUQaAvw8cn2UKO9uYI2497irdAs=,nDJdUsFJOqUNVUbSryyZ/HwQJ9A=
-11,-5,HUQaAvw8cn2UKO9uYI2497irdAs=,5EwwIii0H0KtM2BjA2q9MrjTbvU=
-11,-10,HUQaAvw8cn2UKO9uYI2497irdAs=,nDJdUsFJOqUNVUbSryyZ/HwQJ9A=
-11,-6,HUQaAvw8cn2UKO9uYI2497irdAs=,5EwwIii0H0KtM2BjA2q9MrjTbvU=
-12,-10,HUQaAvw8cn2UKO9uYI2497irdAs=,nDJdUsFJOqUNVUbSryyZ/HwQJ9A=
-12,-6,HUQaAvw8cn2UKO9uYI2497irdAs=,5EwwIii0H0KtM2BjA2q9MrjTbvU=
-11,-7,HUQaAvw8cn2UKO9uYI2497irdAs=,5EwwIii0H0KtM2BjA2q9MrjTbvU=
-12,-7,6K3OEealKKT+o9sFfOvKyKPmzB8=,5EwwIii0H0KtM2BjA2q9MrjTbvU=
-12,-9,6K3OEealKKT+o9sFfOvKyKPmzB8=,nDJdUsFJOqUNVUbSryyZ/HwQJ9A=
-12,-3,6K3OEealKKT+o9sFfOvKyKPmzB8=,9/fQ/dAnEdRwMDJHw3Abk8vZGek=
-11,-8,6K3OEealKKT+o9sFfOvKyKPmzB8=,5EwwIii0H0KtM2BjA2q9MrjTbvU=
-12,-8,6K3OEealKKT+o9sFfOvKyKPmzB8=,5EwwIii0H0KtM2BjA2q9MrjTbvU=
-11,-4,6K3OEealKKT+o9sFfOvKyKPmzB8=,9/fQ/dAnEdRwMDJHw3Abk8vZGek=
-14,-10,6K3OEealKKT+o9sFfOvKyKPmzB8=,+4Zd4DsEX9ht8GVwvfhW3np+RSg=
-11,-3,6K3OEealKKT+o9sFfOvKyKPmzB8=,9/fQ/dAnEdRwMDJHw3Abk8vZGek=
-13,-10,6K3OEealKKT+o9sFfOvKyKPmzB8=,+4Zd4DsEX9ht8GVwvfhW3np+RSg=
-13,-3,6K3OEealKKT+o9sFfOvKyKPmzB8=,TjXz9jhjuXWznlWfKHtZK/DOcOI=
-14,-3,I1NNz95maTlF4Is/B7AVWv2lo5o=,TjXz9jhjuXWznlWfKHtZK/DOcOI=
-13,-9,I1NNz95maTlF4Is/B7AVWv2lo5o=,+4Zd4DsEX9ht8GVwvfhW3np+RSg=
-14,-8,I1NNz95maTlF4Is/B7AVWv2lo5o=,O6Xq1ddsVvqVWQSgZLo21jhAPis=
-12,-4,I1NNz95maTlF4Is/B7AVWv2lo5o=,9/fQ/dAnEdRwMDJHw3Abk8vZGek=
-13,-7,I1NNz95maTlF4Is/B7AVWv2lo5o=,O6Xq1ddsVvqVWQSgZLo21jhAPis=
-13,-8,I1NNz95maTlF4Is/B7AVWv2lo5o=,O6Xq1ddsVvqVWQSgZLo21jhAPis=
-14,-7,I1NNz95maTlF4Is/B7AVWv2lo5o=,O6Xq1ddsVvqVWQSgZLo21jhAPis=
-14,-5,I1NNz95maTlF4Is/B7AVWv2lo5o=,O6Xq1ddsVvqVWQSgZLo21jhAPis=
-14,-9,I1NNz95maTlF4Is/B7AVWv2lo5o=,+4Zd4DsEX9ht8GVwvfhW3np+RSg=
-12,-5,I1NNz95maTlF4Is/B7AVWv2lo5o=,5EwwIii0H0KtM2BjA2q9MrjTbvU=
-14,-4,I1NNz95maTlF4Is/B7AVWv2lo5o=,TjXz9jhjuXWznlWfKHtZK/DOcOI=
-13,-6,I1NNz95maTlF4Is/B7AVWv2lo5o=,O6Xq1ddsVvqVWQSgZLo21jhAPis=
-13,-5,I1NNz95maTlF4Is/B7AVWv2lo5o=,O6Xq1ddsVvqVWQSgZLo21jhAPis=
-14,-6,I1NNz95maTlF4Is/B7AVWv2lo5o=,O6Xq1ddsVvqVWQSgZLo21jhAPis=
-13,-4,I1NNz95maTlF4Is/B7AVWv2lo5o=,TjXz9jhjuXWznlWfKHtZK/DOcOI=
-10,-6,JPwiepFLqyYK4JW7RZN14Q316jY=,5EwwIii0H0KtM2BjA2q9MrjTbvU=
-8,-6,J7oOLk9AiWgE5vHjNv8vfH03QV0=,BfDmekERaUqPGC2kRfmlgQAY9v8=
-9,-3,J7oOLk9AiWgE5vHjNv8vfH03QV0=,9/fQ/dAnEdRwMDJHw3Abk8vZGek=
-10,-3,J7oOLk9AiWgE5vHjNv8vfH03QV0=,9/fQ/dAnEdRwMDJHw3Abk8vZGek=
-8,-3,J7oOLk9AiWgE5vHjNv8vfH03QV0=,K7ouMZKWExf2ZavJIi7ZwnEkWSI=
-9,-5,J7oOLk9AiWgE5vHjNv8vfH03QV0=,5EwwIii0H0KtM2BjA2q9MrjTbvU=
-9,-6,J7oOLk9AiWgE5vHjNv8vfH03QV0=,5EwwIii0H0KtM2BjA2q9MrjTbvU=
-7,-3,J7oOLk9AiWgE5vHjNv8vfH03QV0=,K7ouMZKWExf2ZavJIi7ZwnEkWSI=
-10,-5,J7oOLk9AiWgE5vHjNv8vfH03QV0=,5EwwIii0H0KtM2BjA2q9MrjTbvU=
-8,-5,J7oOLk9AiWgE5vHjNv8vfH03QV0=,BfDmekERaUqPGC2kRfmlgQAY9v8=
-7,-5,J7oOLk9AiWgE5vHjNv8vfH03QV0=,BfDmekERaUqPGC2kRfmlgQAY9v8=
-9,-4,J7oOLk9AiWgE5vHjNv8vfH03QV0=,9/fQ/dAnEdRwMDJHw3Abk8vZGek=
-10,-4,J7oOLk9AiWgE5vHjNv8vfH03QV0=,9/fQ/dAnEdRwMDJHw3Abk8vZGek=
-7,-6,J7oOLk9AiWgE5vHjNv8vfH03QV0=,BfDmekERaUqPGC2kRfmlgQAY9v8=
-7,-4,J7oOLk9AiWgE5vHjNv8vfH03QV0=,K7ouMZKWExf2ZavJIi7ZwnEkWSI=
-8,-4,J7oOLk9AiWgE5vHjNv8vfH03QV0=,K7ouMZKWExf2ZavJIi7ZwnEkWSI=
-13,-11,xjnmylkSCwCcNKD5E8tW2LhElfI=,+4Zd4DsEX9ht8GVwvfhW3np+RSg=
-14,-13,xjnmylkSCwCcNKD5E8tW2LhElfI=,I6bzLlK1MAi1IwCPcQjWP2j/ncE=
-7,-14,xjnmylkSCwCcNKD5E8tW2LhElfI=,EQ/mGFTMj4orL78k9i7xs17XnfE=
-9,-11,xjnmylkSCwCcNKD5E8tW2LhElfI=,nDJdUsFJOqUNVUbSryyZ/HwQJ9A=
-8,-13,xjnmylkSCwCcNKD5E8tW2LhElfI=,EQ/mGFTMj4orL78k9i7xs17XnfE=
-10,-11,xjnmylkSCwCcNKD5E8tW2LhElfI=,nDJdUsFJOqUNVUbSryyZ/HwQJ9A=
-8,-14,xjnmylkSCwCcNKD5E8tW2LhElfI=,EQ/mGFTMj4orL78k9i7xs17XnfE=
-11,-11,xjnmylkSCwCcNKD5E8tW2LhElfI=,nDJdUsFJOqUNVUbSryyZ/HwQJ9A=
-14,-14,xjnmylkSCwCcNKD5E8tW2LhElfI=,I6bzLlK1MAi1IwCPcQjWP2j/ncE=
-12,-11,xjnmylkSCwCcNKD5E8tW2LhElfI=,nDJdUsFJOqUNVUbSryyZ/HwQJ9A=
-8,-11,xjnmylkSCwCcNKD5E8tW2LhElfI=,xykwtkCX+PyhiXbcw4wq+6sv2Pg=
-9,-12,xjnmylkSCwCcNKD5E8tW2LhElfI=,nDJdUsFJOqUNVUbSryyZ/HwQJ9A=
-10,-12,xjnmylkSCwCcNKD5E8tW2LhElfI=,nDJdUsFJOqUNVUbSryyZ/HwQJ9A=
-11,-12,xjnmylkSCwCcNKD5E8tW2LhElfI=,nDJdUsFJOqUNVUbSryyZ/HwQJ9A=
-12,-12,xjnmylkSCwCcNKD5E8tW2LhElfI=,nDJdUsFJOqUNVUbSryyZ/HwQJ9A=
-13,-13,xjnmylkSCwCcNKD5E8tW2LhElfI=,I6bzLlK1MAi1IwCPcQjWP2j/ncE=
-11,-13,xjnmylkSCwCcNKD5E8tW2LhElfI=,X3D23iCjgIiCMdbnEA0vbq4YQF4=
-13,-14,xjnmylkSCwCcNKD5E8tW2LhElfI=,I6bzLlK1MAi1IwCPcQjWP2j/ncE=
-7,-11,xjnmylkSCwCcNKD5E8tW2LhElfI=,xykwtkCX+PyhiXbcw4wq+6sv2Pg=
-10,-13,xjnmylkSCwCcNKD5E8tW2LhElfI=,X3D23iCjgIiCMdbnEA0vbq4YQF4=
-11,-14,xjnmylkSCwCcNKD5E8tW2LhElfI=,X3D23iCjgIiCMdbnEA0vbq4YQF4=
-9,-14,xjnmylkSCwCcNKD5E8tW2LhElfI=,X3D23iCjgIiCMdbnEA0vbq4YQF4=
-7,-13,xjnmylkSCwCcNKD5E8tW2LhElfI=,EQ/mGFTMj4orL78k9i7xs17XnfE=
-10,-14,xjnmylkSCwCcNKD5E8tW2LhElfI=,X3D23iCjgIiCMdbnEA0vbq4YQF4=
-7,-12,xjnmylkSCwCcNKD5E8tW2LhElfI=,xykwtkCX+PyhiXbcw4wq+6sv2Pg=
-13,-12,xjnmylkSCwCcNKD5E8tW2LhElfI=,+4Zd4DsEX9ht8GVwvfhW3np+RSg=
-12,-14,xjnmylkSCwCcNKD5E8tW2LhElfI=,X3D23iCjgIiCMdbnEA0vbq4YQF4=
-12,-13,xjnmylkSCwCcNKD5E8tW2LhElfI=,X3D23iCjgIiCMdbnEA0vbq4YQF4=
-14,-12,xjnmylkSCwCcNKD5E8tW2LhElfI=,+4Zd4DsEX9ht8GVwvfhW3np+RSg=
-9,-13,xjnmylkSCwCcNKD5E8tW2LhElfI=,X3D23iCjgIiCMdbnEA0vbq4YQF4=
-14,-11,xjnmylkSCwCcNKD5E8tW2LhElfI=,+4Zd4DsEX9ht8GVwvfhW3np+RSg=
-8,-12,xjnmylkSCwCcNKD5E8tW2LhElfI=,xykwtkCX+PyhiXbcw4wq+6sv2Pg=
-1,-10,5XPjA8PcwwrF4IvD/SGk2B1bZGA=,SH8+lYFBmOBWFpq41GhIsKF0zu0=
-2,-10,5XPjA8PcwwrF4IvD/SGk2B1bZGA=,SH8+lYFBmOBWFpq41GhIsKF0zu0=
-1,-9,5XPjA8PcwwrF4IvD/SGk2B1bZGA=,SH8+lYFBmOBWFpq41GhIsKF0zu0=
-2,-7,5XPjA8PcwwrF4IvD/SGk2B1bZGA=,CRVqZ7evMhxgj5fPGhr1vTEQ6RA=
-2,-8,5XPjA8PcwwrF4IvD/SGk2B1bZGA=,CRVqZ7evMhxgj5fPGhr1vTEQ6RA=
-1,-7,5XPjA8PcwwrF4IvD/SGk2B1bZGA=,CRVqZ7evMhxgj5fPGhr1vTEQ6RA=
-2,-9,5XPjA8PcwwrF4IvD/SGk2B1bZGA=,SH8+lYFBmOBWFpq41GhIsKF0zu0=
-1,-8,5XPjA8PcwwrF4IvD/SGk2B1bZGA=,CRVqZ7evMhxgj5fPGhr1vTEQ6RA=
-2,-14,aUK7HMgsjcOgwSdYcF3p+eO4HyQ=,HTfjk2fuuFFcuDlsvxfVyM28jOc=
-1,-14,aUK7HMgsjcOgwSdYcF3p+eO4HyQ=,HTfjk2fuuFFcuDlsvxfVyM28jOc=
-2,-11,aUK7HMgsjcOgwSdYcF3p+eO4HyQ=,SH8+lYFBmOBWFpq41GhIsKF0zu0=
-1,-13,aUK7HMgsjcOgwSdYcF3p+eO4HyQ=,HTfjk2fuuFFcuDlsvxfVyM28jOc=
-1,-12,aUK7HMgsjcOgwSdYcF3p+eO4HyQ=,SH8+lYFBmOBWFpq41GhIsKF0zu0=
-2,-12,aUK7HMgsjcOgwSdYcF3p+eO4HyQ=,SH8+lYFBmOBWFpq41GhIsKF0zu0=
-2,-13,aUK7HMgsjcOgwSdYcF3p+eO4HyQ=,HTfjk2fuuFFcuDlsvxfVyM28jOc=
-1,-11,aUK7HMgsjcOgwSdYcF3p+eO4HyQ=,SH8+lYFBmOBWFpq41GhIsKF0zu0=
-13,-1,aUK7HMgsjcOgwSdYcF3p+eO4HyQ=,TjXz9jhjuXWznlWfKHtZK/DOcOI=
-14,-1,aUK7HMgsjcOgwSdYcF3p+eO4HyQ=,TjXz9jhjuXWznlWfKHtZK/DOcOI=
-13,-2,m/43i2GGxTJbKSa+yUsLXy5xRjc=,TjXz9jhjuXWznlWfKHtZK/DOcOI=
-14,-2,m/43i2GGxTJbKSa+yUsLXy5xRjc=,TjXz9jhjuXWznlWfKHtZK/DOcOI=
-8,-2,m/43i2GGxTJbKSa+yUsLXy5xRjc=,K7ouMZKWExf2ZavJIi7ZwnEkWSI=
-12,-1,m/43i2GGxTJbKSa+yUsLXy5xRjc=,9/fQ/dAnEdRwMDJHw3Abk8vZGek=
-9,-2,m/43i2GGxTJbKSa+yUsLXy5xRjc=,9/fQ/dAnEdRwMDJHw3Abk8vZGek=
-7,-2,m/43i2GGxTJbKSa+yUsLXy5xRjc=,K7ouMZKWExf2ZavJIi7ZwnEkWSI=
-12,-2,m/43i2GGxTJbKSa+yUsLXy5xRjc=,9/fQ/dAnEdRwMDJHw3Abk8vZGek=
-11,-1,m/43i2GGxTJbKSa+yUsLXy5xRjc=,9/fQ/dAnEdRwMDJHw3Abk8vZGek=
-8,-1,m/43i2GGxTJbKSa+yUsLXy5xRjc=,K7ouMZKWExf2ZavJIi7ZwnEkWSI=
-9,-1,m/43i2GGxTJbKSa+yUsLXy5xRjc=,9/fQ/dAnEdRwMDJHw3Abk8vZGek=
-11,-2,m/43i2GGxTJbKSa+yUsLXy5xRjc=,9/fQ/dAnEdRwMDJHw3Abk8vZGek=
-10,-1,m/43i2GGxTJbKSa+yUsLXy5xRjc=,9/fQ/dAnEdRwMDJHw3Abk8vZGek=
-7,-1,m/43i2GGxTJbKSa+yUsLXy5xRjc=,K7ouMZKWExf2ZavJIi7ZwnEkWSI=
-10,-2,m/43i2GGxTJbKSa+yUsLXy5xRjc=,9/fQ/dAnEdRwMDJHw3Abk8vZGek=
-1,-3,hjjgWz/oLnF0m1+nJboJ7SjHMGI=,eLe5+oyLdT4vT9ZLYqdBXCpEAyE=
-1,-5,m/43i2GGxTJbKSa+yUsLXy5xRjc=,CRVqZ7evMhxgj5fPGhr1vTEQ6RA=
-5,-3,m/43i2GGxTJbKSa+yUsLXy5xRjc=,K7ouMZKWExf2ZavJIi7ZwnEkWSI=
-2,-3,hjjgWz/oLnF0m1+nJboJ7SjHMGI=,eLe5+oyLdT4vT9ZLYqdBXCpEAyE=
-6,-3,e9lNeB18oHIqNzKtoAOVRZ+Ee6Y=,K7ouMZKWExf2ZavJIi7ZwnEkWSI=
-1,-4,hjjgWz/oLnF0m1+nJboJ7SjHMGI=,eLe5+oyLdT4vT9ZLYqdBXCpEAyE=
-2,-5,e9lNeB18oHIqNzKtoAOVRZ+Ee6Y=,CRVqZ7evMhxgj5fPGhr1vTEQ6RA=
-5,-5,e9lNeB18oHIqNzKtoAOVRZ+Ee6Y=,BfDmekERaUqPGC2kRfmlgQAY9v8=
-6,-6,e9lNeB18oHIqNzKtoAOVRZ+Ee6Y=,BfDmekERaUqPGC2kRfmlgQAY9v8=
-2,-4,hjjgWz/oLnF0m1+nJboJ7SjHMGI=,eLe5+oyLdT4vT9ZLYqdBXCpEAyE=
-3,-4,hjjgWz/oLnF0m1+nJboJ7SjHMGI=,eLe5+oyLdT4vT9ZLYqdBXCpEAyE=
-6,-5,WJNcch84i+bkOnGEqMsTC12Vcl4=,BfDmekERaUqPGC2kRfmlgQAY9v8=
-4,-4,hjjgWz/oLnF0m1+nJboJ7SjHMGI=,eLe5+oyLdT4vT9ZLYqdBXCpEAyE=
-2,-6,WJNcch84i+bkOnGEqMsTC12Vcl4=,CRVqZ7evMhxgj5fPGhr1vTEQ6RA=
-3,-5,WJNcch84i+bkOnGEqMsTC12Vcl4=,CRVqZ7evMhxgj5fPGhr1vTEQ6RA=
-1,-6,WJNcch84i+bkOnGEqMsTC12Vcl4=,CRVqZ7evMhxgj5fPGhr1vTEQ6RA=
-4,-3,hjjgWz/oLnF0m1+nJboJ7SjHMGI=,eLe5+oyLdT4vT9ZLYqdBXCpEAyE=
-3,-3,hjjgWz/oLnF0m1+nJboJ7SjHMGI=,eLe5+oyLdT4vT9ZLYqdBXCpEAyE=
-5,-4,WJNcch84i+bkOnGEqMsTC12Vcl4=,K7ouMZKWExf2ZavJIi7ZwnEkWSI=
-4,-5,WJNcch84i+bkOnGEqMsTC12Vcl4=,CRVqZ7evMhxgj5fPGhr1vTEQ6RA=
-3,-6,WJNcch84i+bkOnGEqMsTC12Vcl4=,CRVqZ7evMhxgj5fPGhr1vTEQ6RA=
-6,-4,WJNcch84i+bkOnGEqMsTC12Vcl4=,K7ouMZKWExf2ZavJIi7ZwnEkWSI=
-5,-6,WJNcch84i+bkOnGEqMsTC12Vcl4=,BfDmekERaUqPGC2kRfmlgQAY9v8=
-4,-6,WJNcch84i+bkOnGEqMsTC12Vcl4=,CRVqZ7evMhxgj5fPGhr1vTEQ6RA=
-15,-13,JB8/asb7xJ5A6qY8/dir7UMmw3g=,I6bzLlK1MAi1IwCPcQjWP2j/ncE=
-16,-13,JB8/asb7xJ5A6qY8/dir7UMmw3g=,I6bzLlK1MAi1IwCPcQjWP2j/ncE=
-15,-14,JB8/asb7xJ5A6qY8/dir7UMmw3g=,I6bzLlK1MAi1IwCPcQjWP2j/ncE=
-16,-14,JB8/asb7xJ5A6qY8/dir7UMmw3g=,I6bzLlK1MAi1IwCPcQjWP2j/ncE=
-16,-12,JB8/asb7xJ5A6qY8/dir7UMmw3g=,+4Zd4DsEX9ht8GVwvfhW3np+RSg=
-16,-11,JB8/asb7xJ5A6qY8/dir7UMmw3g=,+4Zd4DsEX9ht8GVwvfhW3np+RSg=
-15,-11,JB8/asb7xJ5A6qY8/dir7UMmw3g=,+4Zd4DsEX9ht8GVwvfhW3np+RSg=
-15,-12,JB8/asb7xJ5A6qY8/dir7UMmw3g=,+4Zd4DsEX9ht8GVwvfhW3np+RSg=
-16,-10,JB8/asb7xJ5A6qY8/dir7UMmw3g=,+4Zd4DsEX9ht8GVwvfhW3np+RSg=
-15,-10,JB8/asb7xJ5A6qY8/dir7UMmw3g=,+4Zd4DsEX9ht8GVwvfhW3np+RSg=
-16,-9,JB8/asb7xJ5A6qY8/dir7UMmw3g=,+4Zd4DsEX9ht8GVwvfhW3np+RSg=
-15,-9,JB8/asb7xJ5A6qY8/dir7UMmw3g=,+4Zd4DsEX9ht8GVwvfhW3np+RSg=
-16,-8,JB8/asb7xJ5A6qY8/dir7UMmw3g=,O6Xq1ddsVvqVWQSgZLo21jhAPis=
-15,-8,JB8/asb7xJ5A6qY8/dir7UMmw3g=,O6Xq1ddsVvqVWQSgZLo21jhAPis=
-16,-7,JB8/asb7xJ5A6qY8/dir7UMmw3g=,O6Xq1ddsVvqVWQSgZLo21jhAPis=
-15,-7,JB8/asb7xJ5A6qY8/dir7UMmw3g=,O6Xq1ddsVvqVWQSgZLo21jhAPis=
-7,-16,JB8/asb7xJ5A6qY8/dir7UMmw3g=,EQ/mGFTMj4orL78k9i7xs17XnfE=
-8,-16,JB8/asb7xJ5A6qY8/dir7UMmw3g=,EQ/mGFTMj4orL78k9i7xs17XnfE=
-9,-15,JB8/asb7xJ5A6qY8/dir7UMmw3g=,X3D23iCjgIiCMdbnEA0vbq4YQF4=
-8,-15,JB8/asb7xJ5A6qY8/dir7UMmw3g=,EQ/mGFTMj4orL78k9i7xs17XnfE=
-7,-15,JB8/asb7xJ5A6qY8/dir7UMmw3g=,EQ/mGFTMj4orL78k9i7xs17XnfE=
-10,-16,JB8/asb7xJ5A6qY8/dir7UMmw3g=,X3D23iCjgIiCMdbnEA0vbq4YQF4=
-10,-15,JB8/asb7xJ5A6qY8/dir7UMmw3g=,X3D23iCjgIiCMdbnEA0vbq4YQF4=
-9,-16,JB8/asb7xJ5A6qY8/dir7UMmw3g=,X3D23iCjgIiCMdbnEA0vbq4YQF4=
-16,-16,JB8/asb7xJ5A6qY8/dir7UMmw3g=,I6bzLlK1MAi1IwCPcQjWP2j/ncE=
-15,-15,JB8/asb7xJ5A6qY8/dir7UMmw3g=,I6bzLlK1MAi1IwCPcQjWP2j/ncE=
-14,-15,JB8/asb7xJ5A6qY8/dir7UMmw3g=,I6bzLlK1MAi1IwCPcQjWP2j/ncE=
-16,-15,JB8/asb7xJ5A6qY8/dir7UMmw3g=,I6bzLlK1MAi1IwCPcQjWP2j/ncE=
-15,-16,JB8/asb7xJ5A6qY8/dir7UMmw3g=,I6bzLlK1MAi1IwCPcQjWP2j/ncE=
-13,-16,JB8/asb7xJ5A6qY8/dir7UMmw3g=,I6bzLlK1MAi1IwCPcQjWP2j/ncE=
-14,-16,rZ2qYQQhraNF+kqNC5w7w0fML7A=,I6bzLlK1MAi1IwCPcQjWP2j/ncE=
-13,-15,rZ2qYQQhraNF+kqNC5w7w0fML7A=,I6bzLlK1MAi1IwCPcQjWP2j/ncE=
-11,-15,rZ2qYQQhraNF+kqNC5w7w0fML7A=,X3D23iCjgIiCMdbnEA0vbq4YQF4=
-11,-16,rZ2qYQQhraNF+kqNC5w7w0fML7A=,X3D23iCjgIiCMdbnEA0vbq4YQF4=
-12,-15,rZ2qYQQhraNF+kqNC5w7w0fML7A=,X3D23iCjgIiCMdbnEA0vbq4YQF4=
-15,-3,rZ2qYQQhraNF+kqNC5w7w0fML7A=,TjXz9jhjuXWznlWfKHtZK/DOcOI=
-16,-3,rZ2qYQQhraNF+kqNC5w7w0fML7A=,TjXz9jhjuXWznlWfKHtZK/DOcOI=
-15,-4,rZ2qYQQhraNF+kqNC5w7w0fML7A=,TjXz9jhjuXWznlWfKHtZK/DOcOI=
-16,-4,rZ2qYQQhraNF+kqNC5w7w0fML7A=,TjXz9jhjuXWznlWfKHtZK/DOcOI=
-15,-5,rZ2qYQQhraNF+kqNC5w7w0fML7A=,O6Xq1ddsVvqVWQSgZLo21jhAPis=
-16,-5,rZ2qYQQhraNF+kqNC5w7w0fML7A=,O6Xq1ddsVvqVWQSgZLo21jhAPis=
-15,-6,rZ2qYQQhraNF+kqNC5w7w0fML7A=,O6Xq1ddsVvqVWQSgZLo21jhAPis=
-16,-6,rZ2qYQQhraNF+kqNC5w7w0fML7A=,O6Xq1ddsVvqVWQSgZLo21jhAPis=
-12,-16,rZ2qYQQhraNF+kqNC5w7w0fML7A=,X3D23iCjgIiCMdbnEA0vbq4YQF4=
-1,-15,rZ2qYQQhraNF+kqNC5w7w0fML7A=,HTfjk2fuuFFcuDlsvxfVyM28jOc=
-4,-16,rZ2qYQQhraNF+kqNC5w7w0fML7A=,HTfjk2fuuFFcuDlsvxfVyM28jOc=
-3,-16,rZ2qYQQhraNF+kqNC5w7w0fML7A=,HTfjk2fuuFFcuDlsvxfVyM28jOc=
-2,-16,rZ2qYQQhraNF+kqNC5w7w0fML7A=,HTfjk2fuuFFcuDlsvxfVyM28jOc=
-1,-16,rZ2qYQQhraNF+kqNC5w7w0fML7A=,HTfjk2fuuFFcuDlsvxfVyM28jOc=
-5,-16,rZ2qYQQhraNF+kqNC5w7w0fML7A=,EQ/mGFTMj4orL78k9i7xs17XnfE=
-2,-15,rZ2qYQQhraNF+kqNC5w7w0fML7A=,HTfjk2fuuFFcuDlsvxfVyM28jOc=
-3,-15,rZ2qYQQhraNF+kqNC5w7w0fML7A=,HTfjk2fuuFFcuDlsvxfVyM28jOc=
-4,-15,rZ2qYQQhraNF+kqNC5w7w0fML7A=,HTfjk2fuuFFcuDlsvxfVyM28jOc=
-6,-16,rZ2qYQQhraNF+kqNC5w7w0fML7A=,EQ/mGFTMj4orL78k9i7xs17XnfE=
-5,-15,rZ2qYQQhraNF+kqNC5w7w0fML7A=,EQ/mGFTMj4orL78k9i7xs17XnfE=
-6,-15,rZ2qYQQhraNF+kqNC5w7w0fML7A=,EQ/mGFTMj4orL78k9i7xs17XnfE=
-15,-1,rZ2qYQQhraNF+kqNC5w7w0fML7A=,TjXz9jhjuXWznlWfKHtZK/DOcOI=
-16,-1,rZ2qYQQhraNF+kqNC5w7w0fML7A=,TjXz9jhjuXWznlWfKHtZK/DOcOI=
-15,-2,rZ2qYQQhraNF+kqNC5w7w0fML7A=,TjXz9jhjuXWznlWfKHtZK/DOcOI=
-16,-2,rZ2qYQQhraNF+kqNC5w7w0fML7A=,TjXz9jhjuXWznlWfKHtZK/DOcOI=
-4,-1,hjjgWz/oLnF0m1+nJboJ7SjHMGI=,eLe5+oyLdT4vT9ZLYqdBXCpEAyE=
-5,-1,rZ2qYQQhraNF+kqNC5w7w0fML7A=,K7ouMZKWExf2ZavJIi7ZwnEkWSI=
-6,-1,rZ2qYQQhraNF+kqNC5w7w0fML7A=,K7ouMZKWExf2ZavJIi7ZwnEkWSI=
-6,-2,rZ2qYQQhraNF+kqNC5w7w0fML7A=,K7ouMZKWExf2ZavJIi7ZwnEkWSI=
-5,-2,Zg126L2Rj1JIIW4xxMSj7opeMIo=,K7ouMZKWExf2ZavJIi7ZwnEkWSI=
-3,-1,hjjgWz/oLnF0m1+nJboJ7SjHMGI=,eLe5+oyLdT4vT9ZLYqdBXCpEAyE=
-1,-1,hjjgWz/oLnF0m1+nJboJ7SjHMGI=,eLe5+oyLdT4vT9ZLYqdBXCpEAyE=
-4,-2,hjjgWz/oLnF0m1+nJboJ7SjHMGI=,eLe5+oyLdT4vT9ZLYqdBXCpEAyE=
-2,-1,hjjgWz/oLnF0m1+nJboJ7SjHMGI=,eLe5+oyLdT4vT9ZLYqdBXCpEAyE=
-1,-2,hjjgWz/oLnF0m1+nJboJ7SjHMGI=,eLe5+oyLdT4vT9ZLYqdBXCpEAyE=
-2,-2,hjjgWz/oLnF0m1+nJboJ7SjHMGI=,eLe5+oyLdT4vT9ZLYqdBXCpEAyE=
-3,-2,hjjgWz/oLnF0m1+nJboJ7SjHMGI=,eLe5+oyLdT4vT9ZLYqdBXCpEAyE=
-12,-19,5AiGqWicOI2FtIFD/z+aaTK43aI=,45BttffrNHXBrqKEzLeR/NgwwKI=
-11,-19,5AiGqWicOI2FtIFD/z+aaTK43aI=,45BttffrNHXBrqKEzLeR/NgwwKI=
-13,-20,5AiGqWicOI2FtIFD/z+aaTK43aI=,YwHGXgx0IyDpW5Aw8DdsV6S8X2I=
-14,-20,5AiGqWicOI2FtIFD/z+aaTK43aI=,YwHGXgx0IyDpW5Aw8DdsV6S8X2I=
-11,-20,5AiGqWicOI2FtIFD/z+aaTK43aI=,45BttffrNHXBrqKEzLeR/NgwwKI=
-12,-20,5AiGqWicOI2FtIFD/z+aaTK43aI=,45BttffrNHXBrqKEzLeR/NgwwKI=
-13,-19,5AiGqWicOI2FtIFD/z+aaTK43aI=,YwHGXgx0IyDpW5Aw8DdsV6S8X2I=
-14,-19,5AiGqWicOI2FtIFD/z+aaTK43aI=,YwHGXgx0IyDpW5Aw8DdsV6S8X2I=
-10,-19,Cbp0rsbCP741HnO9C9O4XKauLD4=,45BttffrNHXBrqKEzLeR/NgwwKI=
-9,-20,Cbp0rsbCP741HnO9C9O4XKauLD4=,45BttffrNHXBrqKEzLeR/NgwwKI=
-10,-20,Cbp0rsbCP741HnO9C9O4XKauLD4=,45BttffrNHXBrqKEzLeR/NgwwKI=
-7,-19,Cbp0rsbCP741HnO9C9O4XKauLD4=,mVXv74YDT0552xCVr5a1e8MliUg=
-8,-19,Cbp0rsbCP741HnO9C9O4XKauLD4=,mVXv74YDT0552xCVr5a1e8MliUg=
-7,-20,Cbp0rsbCP741HnO9C9O4XKauLD4=,mVXv74YDT0552xCVr5a1e8MliUg=
-8,-20,Cbp0rsbCP741HnO9C9O4XKauLD4=,mVXv74YDT0552xCVr5a1e8MliUg=
-7,-22,Cbp0rsbCP741HnO9C9O4XKauLD4=,FX1IOe4f9/brIDO80rAPqtCKqAo=
-8,-22,Cbp0rsbCP741HnO9C9O4XKauLD4=,FX1IOe4f9/brIDO80rAPqtCKqAo=
-7,-21,Cbp0rsbCP741HnO9C9O4XKauLD4=,FX1IOe4f9/brIDO80rAPqtCKqAo=
-8,-21,Cbp0rsbCP741HnO9C9O4XKauLD4=,FX1IOe4f9/brIDO80rAPqtCKqAo=
-9,-19,Cbp0rsbCP741HnO9C9O4XKauLD4=,45BttffrNHXBrqKEzLeR/NgwwKI=
-16,-19,Cbp0rsbCP741HnO9C9O4XKauLD4=,YwHGXgx0IyDpW5Aw8DdsV6S8X2I=
-15,-19,Cbp0rsbCP741HnO9C9O4XKauLD4=,YwHGXgx0IyDpW5Aw8DdsV6S8X2I=
-15,-20,Cbp0rsbCP741HnO9C9O4XKauLD4=,YwHGXgx0IyDpW5Aw8DdsV6S8X2I=
-16,-20,Cbp0rsbCP741HnO9C9O4XKauLD4=,YwHGXgx0IyDpW5Aw8DdsV6S8X2I=
-6,-24,Cbp0rsbCP741HnO9C9O4XKauLD4=,FX1IOe4f9/brIDO80rAPqtCKqAo=
-5,-24,Cbp0rsbCP741HnO9C9O4XKauLD4=,FX1IOe4f9/brIDO80rAPqtCKqAo=
-4,-24,Cbp0rsbCP741HnO9C9O4XKauLD4=,s4MF5RYnqUWvQ2fP7mwAVuv4Bw8=
-3,-23,Cbp0rsbCP741HnO9C9O4XKauLD4=,s4MF5RYnqUWvQ2fP7mwAVuv4Bw8=
-3,-24,Cbp0rsbCP741HnO9C9O4XKauLD4=,s4MF5RYnqUWvQ2fP7mwAVuv4Bw8=
-6,-23,Cbp0rsbCP741HnO9C9O4XKauLD4=,FX1IOe4f9/brIDO80rAPqtCKqAo=
-4,-23,Cbp0rsbCP741HnO9C9O4XKauLD4=,s4MF5RYnqUWvQ2fP7mwAVuv4Bw8=
-5,-23,Cbp0rsbCP741HnO9C9O4XKauLD4=,FX1IOe4f9/brIDO80rAPqtCKqAo=
-16,-18,Cbp0rsbCP741HnO9C9O4XKauLD4=,YwHGXgx0IyDpW5Aw8DdsV6S8X2I=
-15,-18,Cbp0rsbCP741HnO9C9O4XKauLD4=,YwHGXgx0IyDpW5Aw8DdsV6S8X2I=
-16,-17,Cbp0rsbCP741HnO9C9O4XKauLD4=,YwHGXgx0IyDpW5Aw8DdsV6S8X2I=
-15,-17,Cbp0rsbCP741HnO9C9O4XKauLD4=,YwHGXgx0IyDpW5Aw8DdsV6S8X2I=
-2,-24,Cbp0rsbCP741HnO9C9O4XKauLD4=,s4MF5RYnqUWvQ2fP7mwAVuv4Bw8=
-1,-24,Cbp0rsbCP741HnO9C9O4XKauLD4=,s4MF5RYnqUWvQ2fP7mwAVuv4Bw8=
-2,-23,zFFqSvB7ij7rks5oA3Nr3na3uqs=,s4MF5RYnqUWvQ2fP7mwAVuv4Bw8=
-8,-24,zFFqSvB7ij7rks5oA3Nr3na3uqs=,FX1IOe4f9/brIDO80rAPqtCKqAo=
-7,-24,zFFqSvB7ij7rks5oA3Nr3na3uqs=,FX1IOe4f9/brIDO80rAPqtCKqAo=
-8,-23,zFFqSvB7ij7rks5oA3Nr3na3uqs=,FX1IOe4f9/brIDO80rAPqtCKqAo=
-7,-23,zFFqSvB7ij7rks5oA3Nr3na3uqs=,FX1IOe4f9/brIDO80rAPqtCKqAo=
-1,-23,zFFqSvB7ij7rks5oA3Nr3na3uqs=,s4MF5RYnqUWvQ2fP7mwAVuv4Bw8=
-14,-17,zFFqSvB7ij7rks5oA3Nr3na3uqs=,YwHGXgx0IyDpW5Aw8DdsV6S8X2I=
-13,-17,zFFqSvB7ij7rks5oA3Nr3na3uqs=,YwHGXgx0IyDpW5Aw8DdsV6S8X2I=
-7,-18,zFFqSvB7ij7rks5oA3Nr3na3uqs=,mVXv74YDT0552xCVr5a1e8MliUg=
-8,-18,zFFqSvB7ij7rks5oA3Nr3na3uqs=,mVXv74YDT0552xCVr5a1e8MliUg=
-7,-17,zFFqSvB7ij7rks5oA3Nr3na3uqs=,mVXv74YDT0552xCVr5a1e8MliUg=
-8,-17,zFFqSvB7ij7rks5oA3Nr3na3uqs=,mVXv74YDT0552xCVr5a1e8MliUg=
-12,-18,zFFqSvB7ij7rks5oA3Nr3na3uqs=,45BttffrNHXBrqKEzLeR/NgwwKI=
-10,-18,zFFqSvB7ij7rks5oA3Nr3na3uqs=,45BttffrNHXBrqKEzLeR/NgwwKI=
-13,-18,zFFqSvB7ij7rks5oA3Nr3na3uqs=,YwHGXgx0IyDpW5Aw8DdsV6S8X2I=
-14,-18,zFFqSvB7ij7rks5oA3Nr3na3uqs=,YwHGXgx0IyDpW5Aw8DdsV6S8X2I=
-12,-17,zFFqSvB7ij7rks5oA3Nr3na3uqs=,45BttffrNHXBrqKEzLeR/NgwwKI=
-4,-20,zFFqSvB7ij7rks5oA3Nr3na3uqs=,JjORigQw0CcvGTFLOLks/v/+fWc=
-9,-18,zFFqSvB7ij7rks5oA3Nr3na3uqs=,45BttffrNHXBrqKEzLeR/NgwwKI=
-6,-18,zFFqSvB7ij7rks5oA3Nr3na3uqs=,mVXv74YDT0552xCVr5a1e8MliUg=
-3,-20,zFFqSvB7ij7rks5oA3Nr3na3uqs=,JjORigQw0CcvGTFLOLks/v/+fWc=
-2,-20,zFFqSvB7ij7rks5oA3Nr3na3uqs=,JjORigQw0CcvGTFLOLks/v/+fWc=
-1,-20,zFFqSvB7ij7rks5oA3Nr3na3uqs=,JjORigQw0CcvGTFLOLks/v/+fWc=
-4,-19,zFFqSvB7ij7rks5oA3Nr3na3uqs=,JjORigQw0CcvGTFLOLks/v/+fWc=
-3,-19,zFFqSvB7ij7rks5oA3Nr3na3uqs=,JjORigQw0CcvGTFLOLks/v/+fWc=
-2,-19,zFFqSvB7ij7rks5oA3Nr3na3uqs=,JjORigQw0CcvGTFLOLks/v/+fWc=
-1,-19,zFFqSvB7ij7rks5oA3Nr3na3uqs=,JjORigQw0CcvGTFLOLks/v/+fWc=
-11,-18,zFFqSvB7ij7rks5oA3Nr3na3uqs=,45BttffrNHXBrqKEzLeR/NgwwKI=
-11,-17,zFFqSvB7ij7rks5oA3Nr3na3uqs=,45BttffrNHXBrqKEzLeR/NgwwKI=
-6,-22,zFFqSvB7ij7rks5oA3Nr3na3uqs=,FX1IOe4f9/brIDO80rAPqtCKqAo=
-6,-17,zFFqSvB7ij7rks5oA3Nr3na3uqs=,mVXv74YDT0552xCVr5a1e8MliUg=
-2,-17,zFFqSvB7ij7rks5oA3Nr3na3uqs=,JjORigQw0CcvGTFLOLks/v/+fWc=
-5,-22,zFFqSvB7ij7rks5oA3Nr3na3uqs=,FX1IOe4f9/brIDO80rAPqtCKqAo=
-6,-19,zFFqSvB7ij7rks5oA3Nr3na3uqs=,mVXv74YDT0552xCVr5a1e8MliUg=
-5,-18,zFFqSvB7ij7rks5oA3Nr3na3uqs=,mVXv74YDT0552xCVr5a1e8MliUg=
-6,-20,zFFqSvB7ij7rks5oA3Nr3na3uqs=,mVXv74YDT0552xCVr5a1e8MliUg=
-4,-18,zFFqSvB7ij7rks5oA3Nr3na3uqs=,JjORigQw0CcvGTFLOLks/v/+fWc=
-3,-18,zFFqSvB7ij7rks5oA3Nr3na3uqs=,JjORigQw0CcvGTFLOLks/v/+fWc=
-2,-18,zFFqSvB7ij7rks5oA3Nr3na3uqs=,JjORigQw0CcvGTFLOLks/v/+fWc=
-1,-18,zFFqSvB7ij7rks5oA3Nr3na3uqs=,JjORigQw0CcvGTFLOLks/v/+fWc=
-6,-21,zFFqSvB7ij7rks5oA3Nr3na3uqs=,FX1IOe4f9/brIDO80rAPqtCKqAo=
-1,-21,zFFqSvB7ij7rks5oA3Nr3na3uqs=,s4MF5RYnqUWvQ2fP7mwAVuv4Bw8=
-2,-21,zFFqSvB7ij7rks5oA3Nr3na3uqs=,s4MF5RYnqUWvQ2fP7mwAVuv4Bw8=
-5,-17,zFFqSvB7ij7rks5oA3Nr3na3uqs=,mVXv74YDT0552xCVr5a1e8MliUg=
-5,-20,zFFqSvB7ij7rks5oA3Nr3na3uqs=,mVXv74YDT0552xCVr5a1e8MliUg=
-1,-22,zFFqSvB7ij7rks5oA3Nr3na3uqs=,s4MF5RYnqUWvQ2fP7mwAVuv4Bw8=
-2,-22,zFFqSvB7ij7rks5oA3Nr3na3uqs=,s4MF5RYnqUWvQ2fP7mwAVuv4Bw8=
-5,-19,zFFqSvB7ij7rks5oA3Nr3na3uqs=,mVXv74YDT0552xCVr5a1e8MliUg=
-9,-17,zFFqSvB7ij7rks5oA3Nr3na3uqs=,45BttffrNHXBrqKEzLeR/NgwwKI=
-4,-22,zFFqSvB7ij7rks5oA3Nr3na3uqs=,s4MF5RYnqUWvQ2fP7mwAVuv4Bw8=
-3,-22,zFFqSvB7ij7rks5oA3Nr3na3uqs=,s4MF5RYnqUWvQ2fP7mwAVuv4Bw8=
-4,-17,zFFqSvB7ij7rks5oA3Nr3na3uqs=,JjORigQw0CcvGTFLOLks/v/+fWc=
-5,-21,zFFqSvB7ij7rks5oA3Nr3na3uqs=,FX1IOe4f9/brIDO80rAPqtCKqAo=
-4,-21,zFFqSvB7ij7rks5oA3Nr3na3uqs=,s4MF5RYnqUWvQ2fP7mwAVuv4Bw8=
-1,-17,zFFqSvB7ij7rks5oA3Nr3na3uqs=,JjORigQw0CcvGTFLOLks/v/+fWc=
-10,-17,zFFqSvB7ij7rks5oA3Nr3na3uqs=,45BttffrNHXBrqKEzLeR/NgwwKI=
-3,-21,zFFqSvB7ij7rks5oA3Nr3na3uqs=,s4MF5RYnqUWvQ2fP7mwAVuv4Bw8=
-3,-17,zFFqSvB7ij7rks5oA3Nr3na3uqs=,JjORigQw0CcvGTFLOLks/v/+fWc=
