4,35,/Ad3eC/mSDW1pCA1sRSyrTZArBY=,qN7d2Zg/9RB3JvoV82xqu5ELUP8=
6,47,/Ad3eC/mSDW1pCA1sRSyrTZArBY=,aFciTNNvhRFT/FhxqHeXSGaNgp4=
7,47,/Ad3eC/mSDW1pCA1sRSyrTZArBY=,aFciTNNvhRFT/FhxqHeXSGaNgp4=
6,46,/Ad3eC/mSDW1pCA1sRSyrTZArBY=,aFciTNNvhRFT/FhxqHeXSGaNgp4=
7,46,/Ad3eC/mSDW1pCA1sRSyrTZArBY=,aFciTNNvhRFT/FhxqHeXSGaNgp4=
5,37,/Ad3eC/mSDW1pCA1sRSyrTZArBY=,aHcXIsM6dHiB12CnfHHqFqLf8wI=
4,37,/Ad3eC/mSDW1pCA1sRSyrTZArBY=,aHcXIsM6dHiB12CnfHHqFqLf8wI=
5,34,/Ad3eC/mSDW1pCA1sRSyrTZArBY=,qN7d2Zg/9RB3JvoV82xqu5ELUP8=
4,34,/Ad3eC/mSDW1pCA1sRSyrTZArBY=,qN7d2Zg/9RB3JvoV82xqu5ELUP8=
5,36,/Ad3eC/mSDW1pCA1sRSyrTZArBY=,aHcXIsM6dHiB12CnfHHqFqLf8wI=
4,36,/Ad3eC/mSDW1pCA1sRSyrTZArBY=,aHcXIsM6dHiB12CnfHHqFqLf8wI=
5,35,/Ad3eC/mSDW1pCA1sRSyrTZArBY=,qN7d2Zg/9RB3JvoV82xqu5ELUP8=
4,47,/Ad3eC/mSDW1pCA1sRSyrTZArBY=,aFciTNNvhRFT/FhxqHeXSGaNgp4=
4,33,/Ad3eC/mSDW1pCA1sRSyrTZArBY=,qN7d2Zg/9RB3JvoV82xqu5ELUP8=
5,33,/Ad3eC/mSDW1pCA1sRSyrTZArBY=,qN7d2Zg/9RB3JvoV82xqu5ELUP8=
4,32,/Ad3eC/mSDW1pCA1sRSyrTZArBY=,qN7d2Zg/9RB3JvoV82xqu5ELUP8=
5,32,/Ad3eC/mSDW1pCA1sRSyrTZArBY=,qN7d2Zg/9RB3JvoV82xqu5ELUP8=
5,46,/Ad3eC/mSDW1pCA1sRSyrTZArBY=,aFciTNNvhRFT/FhxqHeXSGaNgp4=
4,46,/Ad3eC/mSDW1pCA1sRSyrTZArBY=,aFciTNNvhRFT/FhxqHeXSGaNgp4=
5,47,/Ad3eC/mSDW1pCA1sRSyrTZArBY=,aFciTNNvhRFT/FhxqHeXSGaNgp4=
8,35,TX036J6lXQwnkmK00cd55jyyGuo=,YozNiZj26cWflio8DsNZetnjUU4=
9,35,TX036J6lXQwnkmK00cd55jyyGuo=,YozNiZj26cWflio8DsNZetnjUU4=
6,35,TX036J6lXQwnkmK00cd55jyyGuo=,qN7d2Zg/9RB3JvoV82xqu5ELUP8=
7,35,TX036J6lXQwnkmK00cd55jyyGuo=,qN7d2Zg/9RB3JvoV82xqu5ELUP8=
11,34,TX036J6lXQwnkmK00cd55jyyGuo=,YozNiZj26cWflio8DsNZetnjUU4=
10,34,TX036J6lXQwnkmK00cd55jyyGuo=,YozNiZj26cWflio8DsNZetnjUU4=
8,32,TX036J6lXQwnkmK00cd55jyyGuo=,YozNiZj26cWflio8DsNZetnjUU4=
6,32,TX036J6lXQwnkmK00cd55jyyGuo=,qN7d2Zg/9RB3JvoV82xqu5ELUP8=
7,36,TX036J6lXQwnkmK00cd55jyyGuo=,aHcXIsM6dHiB12CnfHHqFqLf8wI=
6,34,TX036J6lXQwnkmK00cd55jyyGuo=,qN7d2Zg/9RB3JvoV82xqu5ELUP8=
7,32,TX036J6lXQwnkmK00cd55jyyGuo=,qN7d2Zg/9RB3JvoV82xqu5ELUP8=
7,34,TX036J6lXQwnkmK00cd55jyyGuo=,qN7d2Zg/9RB3JvoV82xqu5ELUP8=
6,36,TX036J6lXQwnkmK00cd55jyyGuo=,aHcXIsM6dHiB12CnfHHqFqLf8wI=
7,37,TX036J6lXQwnkmK00cd55jyyGuo=,aHcXIsM6dHiB12CnfHHqFqLf8wI=
6,37,TX036J6lXQwnkmK00cd55jyyGuo=,aHcXIsM6dHiB12CnfHHqFqLf8wI=
9,32,TX036J6lXQwnkmK00cd55jyyGuo=,YozNiZj26cWflio8DsNZetnjUU4=
9,34,TX036J6lXQwnkmK00cd55jyyGuo=,YozNiZj26cWflio8DsNZetnjUU4=
8,34,TX036J6lXQwnkmK00cd55jyyGuo=,YozNiZj26cWflio8DsNZetnjUU4=
6,33,TX036J6lXQwnkmK00cd55jyyGuo=,qN7d2Zg/9RB3JvoV82xqu5ELUP8=
11,33,TX036J6lXQwnkmK00cd55jyyGuo=,YozNiZj26cWflio8DsNZetnjUU4=
10,33,TX036J6lXQwnkmK00cd55jyyGuo=,YozNiZj26cWflio8DsNZetnjUU4=
11,35,TX036J6lXQwnkmK00cd55jyyGuo=,YozNiZj26cWflio8DsNZetnjUU4=
10,35,TX036J6lXQwnkmK00cd55jyyGuo=,YozNiZj26cWflio8DsNZetnjUU4=
9,33,TX036J6lXQwnkmK00cd55jyyGuo=,YozNiZj26cWflio8DsNZetnjUU4=
11,32,TX036J6lXQwnkmK00cd55jyyGuo=,YozNiZj26cWflio8DsNZetnjUU4=
8,33,TX036J6lXQwnkmK00cd55jyyGuo=,YozNiZj26cWflio8DsNZetnjUU4=
10,32,TX036J6lXQwnkmK00cd55jyyGuo=,YozNiZj26cWflio8DsNZetnjUU4=
4,43,TX036J6lXQwnkmK00cd55jyyGuo=,Us9PUJg0Ya2jrhcW8V3x08xOcoA=
7,33,TX036J6lXQwnkmK00cd55jyyGuo=,qN7d2Zg/9RB3JvoV82xqu5ELUP8=
5,40,TX036J6lXQwnkmK00cd55jyyGuo=,Us9PUJg0Ya2jrhcW8V3x08xOcoA=
7,39,TX036J6lXQwnkmK00cd55jyyGuo=,aHcXIsM6dHiB12CnfHHqFqLf8wI=
4,42,TX036J6lXQwnkmK00cd55jyyGuo=,Us9PUJg0Ya2jrhcW8V3x08xOcoA=
4,40,TX036J6lXQwnkmK00cd55jyyGuo=,Us9PUJg0Ya2jrhcW8V3x08xOcoA=
5,43,TX036J6lXQwnkmK00cd55jyyGuo=,Us9PUJg0Ya2jrhcW8V3x08xOcoA=
6,39,TX036J6lXQwnkmK00cd55jyyGuo=,aHcXIsM6dHiB12CnfHHqFqLf8wI=
7,40,TX036J6lXQwnkmK00cd55jyyGuo=,Us9PUJg0Ya2jrhcW8V3x08xOcoA=
7,42,TX036J6lXQwnkmK00cd55jyyGuo=,Us9PUJg0Ya2jrhcW8V3x08xOcoA=
5,41,TX036J6lXQwnkmK00cd55jyyGuo=,Us9PUJg0Ya2jrhcW8V3x08xOcoA=
4,41,TX036J6lXQwnkmK00cd55jyyGuo=,Us9PUJg0Ya2jrhcW8V3x08xOcoA=
5,39,TX036J6lXQwnkmK00cd55jyyGuo=,aHcXIsM6dHiB12CnfHHqFqLf8wI=
4,39,TX036J6lXQwnkmK00cd55jyyGuo=,aHcXIsM6dHiB12CnfHHqFqLf8wI=
7,45,TX036J6lXQwnkmK00cd55jyyGuo=,aFciTNNvhRFT/FhxqHeXSGaNgp4=
6,45,TX036J6lXQwnkmK00cd55jyyGuo=,aFciTNNvhRFT/FhxqHeXSGaNgp4=
5,45,TX036J6lXQwnkmK00cd55jyyGuo=,aFciTNNvhRFT/FhxqHeXSGaNgp4=
4,45,TX036J6lXQwnkmK00cd55jyyGuo=,aFciTNNvhRFT/FhxqHeXSGaNgp4=
7,38,TX036J6lXQwnkmK00cd55jyyGuo=,aHcXIsM6dHiB12CnfHHqFqLf8wI=
6,38,TX036J6lXQwnkmK00cd55jyyGuo=,aHcXIsM6dHiB12CnfHHqFqLf8wI=
5,38,TX036J6lXQwnkmK00cd55jyyGuo=,aHcXIsM6dHiB12CnfHHqFqLf8wI=
4,38,TX036J6lXQwnkmK00cd55jyyGuo=,aHcXIsM6dHiB12CnfHHqFqLf8wI=
7,44,TX036J6lXQwnkmK00cd55jyyGuo=,aFciTNNvhRFT/FhxqHeXSGaNgp4=
6,44,TX036J6lXQwnkmK00cd55jyyGuo=,aFciTNNvhRFT/FhxqHeXSGaNgp4=
5,44,TX036J6lXQwnkmK00cd55jyyGuo=,aFciTNNvhRFT/FhxqHeXSGaNgp4=
4,44,TX036J6lXQwnkmK00cd55jyyGuo=,aFciTNNvhRFT/FhxqHeXSGaNgp4=
6,41,TX036J6lXQwnkmK00cd55jyyGuo=,Us9PUJg0Ya2jrhcW8V3x08xOcoA=
6,40,TX036J6lXQwnkmK00cd55jyyGuo=,Us9PUJg0Ya2jrhcW8V3x08xOcoA=
7,43,TX036J6lXQwnkmK00cd55jyyGuo=,Us9PUJg0Ya2jrhcW8V3x08xOcoA=
7,41,TX036J6lXQwnkmK00cd55jyyGuo=,Us9PUJg0Ya2jrhcW8V3x08xOcoA=
5,42,TX036J6lXQwnkmK00cd55jyyGuo=,Us9PUJg0Ya2jrhcW8V3x08xOcoA=
6,42,TX036J6lXQwnkmK00cd55jyyGuo=,Us9PUJg0Ya2jrhcW8V3x08xOcoA=
6,43,TX036J6lXQwnkmK00cd55jyyGuo=,Us9PUJg0Ya2jrhcW8V3x08xOcoA=
