19,-9,cC7Va/KVWl0iml84VgqqnUb8eYI=,eNA1qaf8Krmx48WQ8bFb1NEbadE=
19,-13,cC7Va/KVWl0iml84VgqqnUb8eYI=,XCFzCzM1cM9TAk1b1NymH26ioFg=
18,-9,cC7Va/KVWl0iml84VgqqnUb8eYI=,eNA1qaf8Krmx48WQ8bFb1NEbadE=
18,-13,cC7Va/KVWl0iml84VgqqnUb8eYI=,XCFzCzM1cM9TAk1b1NymH26ioFg=
20,-8,cC7Va/KVWl0iml84VgqqnUb8eYI=,rrAPtouiTVajXgcyf2ibkHNM93A=
19,-10,cC7Va/KVWl0iml84VgqqnUb8eYI=,eNA1qaf8Krmx48WQ8bFb1NEbadE=
19,-14,cC7Va/KVWl0iml84VgqqnUb8eYI=,XCFzCzM1cM9TAk1b1NymH26ioFg=
18,-14,cC7Va/KVWl0iml84VgqqnUb8eYI=,XCFzCzM1cM9TAk1b1NymH26ioFg=
21,-8,cC7Va/KVWl0iml84VgqqnUb8eYI=,rrAPtouiTVajXgcyf2ibkHNM93A=
20,-13,cC7Va/KVWl0iml84VgqqnUb8eYI=,mgXYstNr1HSVOEMt/HHw+RfG82s=
19,-7,cC7Va/KVWl0iml84VgqqnUb8eYI=,EzWu7Xw3SREG0VYKdL8h+l/AGfs=
21,-13,cC7Va/KVWl0iml84VgqqnUb8eYI=,mgXYstNr1HSVOEMt/HHw+RfG82s=
18,-10,cC7Va/KVWl0iml84VgqqnUb8eYI=,eNA1qaf8Krmx48WQ8bFb1NEbadE=
18,-8,cC7Va/KVWl0iml84VgqqnUb8eYI=,EzWu7Xw3SREG0VYKdL8h+l/AGfs=
18,-7,cC7Va/KVWl0iml84VgqqnUb8eYI=,EzWu7Xw3SREG0VYKdL8h+l/AGfs=
19,-8,cC7Va/KVWl0iml84VgqqnUb8eYI=,EzWu7Xw3SREG0VYKdL8h+l/AGfs=
21,-11,cC7Va/KVWl0iml84VgqqnUb8eYI=,q11TQytxQ1MAV7a2j6jo/tazAD0=
20,-11,cC7Va/KVWl0iml84VgqqnUb8eYI=,q11TQytxQ1MAV7a2j6jo/tazAD0=
21,-12,cC7Va/KVWl0iml84VgqqnUb8eYI=,q11TQytxQ1MAV7a2j6jo/tazAD0=
20,-14,cC7Va/KVWl0iml84VgqqnUb8eYI=,mgXYstNr1HSVOEMt/HHw+RfG82s=
21,-14,cC7Va/KVWl0iml84VgqqnUb8eYI=,mgXYstNr1HSVOEMt/HHw+RfG82s=
20,-12,cC7Va/KVWl0iml84VgqqnUb8eYI=,q11TQytxQ1MAV7a2j6jo/tazAD0=
21,-9,cC7Va/KVWl0iml84VgqqnUb8eYI=,q11TQytxQ1MAV7a2j6jo/tazAD0=
20,-9,cC7Va/KVWl0iml84VgqqnUb8eYI=,q11TQytxQ1MAV7a2j6jo/tazAD0=
21,-10,cC7Va/KVWl0iml84VgqqnUb8eYI=,q11TQytxQ1MAV7a2j6jo/tazAD0=
20,-10,cC7Va/KVWl0iml84VgqqnUb8eYI=,q11TQytxQ1MAV7a2j6jo/tazAD0=
21,-7,cC7Va/KVWl0iml84VgqqnUb8eYI=,rrAPtouiTVajXgcyf2ibkHNM93A=
20,-7,cC7Va/KVWl0iml84VgqqnUb8eYI=,rrAPtouiTVajXgcyf2ibkHNM93A=
19,-11,cC7Va/KVWl0iml84VgqqnUb8eYI=,eNA1qaf8Krmx48WQ8bFb1NEbadE=
18,-11,cC7Va/KVWl0iml84VgqqnUb8eYI=,eNA1qaf8Krmx48WQ8bFb1NEbadE=
19,-12,cC7Va/KVWl0iml84VgqqnUb8eYI=,eNA1qaf8Krmx48WQ8bFb1NEbadE=
18,-12,cC7Va/KVWl0iml84VgqqnUb8eYI=,eNA1qaf8Krmx48WQ8bFb1NEbadE=
24,-6,aQmiTPT8IAmq4ioxLFt1TF5J/tQ=,63eiJWCOojGCLpiWXLhN3YrSZiY=
19,-6,aQmiTPT8IAmq4ioxLFt1TF5J/tQ=,EzWu7Xw3SREG0VYKdL8h+l/AGfs=
18,-6,aQmiTPT8IAmq4ioxLFt1TF5J/tQ=,EzWu7Xw3SREG0VYKdL8h+l/AGfs=
19,-5,aQmiTPT8IAmq4ioxLFt1TF5J/tQ=,EzWu7Xw3SREG0VYKdL8h+l/AGfs=
22,-5,aQmiTPT8IAmq4ioxLFt1TF5J/tQ=,rrAPtouiTVajXgcyf2ibkHNM93A=
21,-5,aQmiTPT8IAmq4ioxLFt1TF5J/tQ=,rrAPtouiTVajXgcyf2ibkHNM93A=
23,-5,aQmiTPT8IAmq4ioxLFt1TF5J/tQ=,rrAPtouiTVajXgcyf2ibkHNM93A=
18,-5,aQmiTPT8IAmq4ioxLFt1TF5J/tQ=,EzWu7Xw3SREG0VYKdL8h+l/AGfs=
20,-5,aQmiTPT8IAmq4ioxLFt1TF5J/tQ=,rrAPtouiTVajXgcyf2ibkHNM93A=
23,-6,aQmiTPT8IAmq4ioxLFt1TF5J/tQ=,rrAPtouiTVajXgcyf2ibkHNM93A=
22,-6,WWH+EKfWTKP7vcNYQQRv+7cwTK0=,rrAPtouiTVajXgcyf2ibkHNM93A=
25,-5,WWH+EKfWTKP7vcNYQQRv+7cwTK0=,63eiJWCOojGCLpiWXLhN3YrSZiY=
24,-5,WWH+EKfWTKP7vcNYQQRv+7cwTK0=,63eiJWCOojGCLpiWXLhN3YrSZiY=
19,-3,WWH+EKfWTKP7vcNYQQRv+7cwTK0=,1WjNJpUE/2Uk3hbDTa0wrz440nM=
18,-3,WWH+EKfWTKP7vcNYQQRv+7cwTK0=,1WjNJpUE/2Uk3hbDTa0wrz440nM=
20,-6,WWH+EKfWTKP7vcNYQQRv+7cwTK0=,rrAPtouiTVajXgcyf2ibkHNM93A=
21,-6,WWH+EKfWTKP7vcNYQQRv+7cwTK0=,rrAPtouiTVajXgcyf2ibkHNM93A=
18,-4,WWH+EKfWTKP7vcNYQQRv+7cwTK0=,1WjNJpUE/2Uk3hbDTa0wrz440nM=
19,-4,WWH+EKfWTKP7vcNYQQRv+7cwTK0=,1WjNJpUE/2Uk3hbDTa0wrz440nM=
23,-3,WWH+EKfWTKP7vcNYQQRv+7cwTK0=,mX94oyuJpZgivNF94REpBB6yLHc=
25,-3,WWH+EKfWTKP7vcNYQQRv+7cwTK0=,AxTsYZPTRD4nhoefv0H/EeqKAlM=
22,-3,WWH+EKfWTKP7vcNYQQRv+7cwTK0=,mX94oyuJpZgivNF94REpBB6yLHc=
24,-3,WWH+EKfWTKP7vcNYQQRv+7cwTK0=,AxTsYZPTRD4nhoefv0H/EeqKAlM=
21,-3,WWH+EKfWTKP7vcNYQQRv+7cwTK0=,mX94oyuJpZgivNF94REpBB6yLHc=
25,-4,WWH+EKfWTKP7vcNYQQRv+7cwTK0=,AxTsYZPTRD4nhoefv0H/EeqKAlM=
20,-3,WWH+EKfWTKP7vcNYQQRv+7cwTK0=,mX94oyuJpZgivNF94REpBB6yLHc=
25,-6,WWH+EKfWTKP7vcNYQQRv+7cwTK0=,63eiJWCOojGCLpiWXLhN3YrSZiY=
22,-4,WWH+EKfWTKP7vcNYQQRv+7cwTK0=,mX94oyuJpZgivNF94REpBB6yLHc=
24,-4,WWH+EKfWTKP7vcNYQQRv+7cwTK0=,AxTsYZPTRD4nhoefv0H/EeqKAlM=
21,-4,WWH+EKfWTKP7vcNYQQRv+7cwTK0=,mX94oyuJpZgivNF94REpBB6yLHc=
20,-4,WWH+EKfWTKP7vcNYQQRv+7cwTK0=,mX94oyuJpZgivNF94REpBB6yLHc=
23,-4,WWH+EKfWTKP7vcNYQQRv+7cwTK0=,mX94oyuJpZgivNF94REpBB6yLHc=
24,-2,WWH+EKfWTKP7vcNYQQRv+7cwTK0=,AxTsYZPTRD4nhoefv0H/EeqKAlM=
25,-1,WWH+EKfWTKP7vcNYQQRv+7cwTK0=,AxTsYZPTRD4nhoefv0H/EeqKAlM=
22,-1,WWH+EKfWTKP7vcNYQQRv+7cwTK0=,mX94oyuJpZgivNF94REpBB6yLHc=
25,-2,WWH+EKfWTKP7vcNYQQRv+7cwTK0=,AxTsYZPTRD4nhoefv0H/EeqKAlM=
23,-1,WWH+EKfWTKP7vcNYQQRv+7cwTK0=,mX94oyuJpZgivNF94REpBB6yLHc=
24,-1,WWH+EKfWTKP7vcNYQQRv+7cwTK0=,AxTsYZPTRD4nhoefv0H/EeqKAlM=
22,-2,WWH+EKfWTKP7vcNYQQRv+7cwTK0=,mX94oyuJpZgivNF94REpBB6yLHc=
23,-2,WWH+EKfWTKP7vcNYQQRv+7cwTK0=,mX94oyuJpZgivNF94REpBB6yLHc=
17,-9,tRR0KCTlsX7ni+ptzbTn06hnaeA=,eNA1qaf8Krmx48WQ8bFb1NEbadE=
16,-8,tRR0KCTlsX7ni+ptzbTn06hnaeA=,EzWu7Xw3SREG0VYKdL8h+l/AGfs=
17,-8,tRR0KCTlsX7ni+ptzbTn06hnaeA=,EzWu7Xw3SREG0VYKdL8h+l/AGfs=
16,-7,tRR0KCTlsX7ni+ptzbTn06hnaeA=,EzWu7Xw3SREG0VYKdL8h+l/AGfs=
17,-7,tRR0KCTlsX7ni+ptzbTn06hnaeA=,EzWu7Xw3SREG0VYKdL8h+l/AGfs=
16,-9,tRR0KCTlsX7ni+ptzbTn06hnaeA=,eNA1qaf8Krmx48WQ8bFb1NEbadE=
17,-10,tRR0KCTlsX7ni+ptzbTn06hnaeA=,eNA1qaf8Krmx48WQ8bFb1NEbadE=
16,-10,tRR0KCTlsX7ni+ptzbTn06hnaeA=,eNA1qaf8Krmx48WQ8bFb1NEbadE=
29,-2,tRR0KCTlsX7ni+ptzbTn06hnaeA=,XMf2IaE68LaFe8mVP8D5KIzWqws=
28,-2,tRR0KCTlsX7ni+ptzbTn06hnaeA=,XMf2IaE68LaFe8mVP8D5KIzWqws=
27,-2,tRR0KCTlsX7ni+ptzbTn06hnaeA=,AxTsYZPTRD4nhoefv0H/EeqKAlM=
27,-1,tRR0KCTlsX7ni+ptzbTn06hnaeA=,AxTsYZPTRD4nhoefv0H/EeqKAlM=
26,-1,tRR0KCTlsX7ni+ptzbTn06hnaeA=,AxTsYZPTRD4nhoefv0H/EeqKAlM=
26,-2,tRR0KCTlsX7ni+ptzbTn06hnaeA=,AxTsYZPTRD4nhoefv0H/EeqKAlM=
28,-1,tRR0KCTlsX7ni+ptzbTn06hnaeA=,XMf2IaE68LaFe8mVP8D5KIzWqws=
29,-1,tRR0KCTlsX7ni+ptzbTn06hnaeA=,XMf2IaE68LaFe8mVP8D5KIzWqws=
16,-4,tRR0KCTlsX7ni+ptzbTn06hnaeA=,1WjNJpUE/2Uk3hbDTa0wrz440nM=
17,-4,tRR0KCTlsX7ni+ptzbTn06hnaeA=,1WjNJpUE/2Uk3hbDTa0wrz440nM=
16,-3,tRR0KCTlsX7ni+ptzbTn06hnaeA=,1WjNJpUE/2Uk3hbDTa0wrz440nM=
17,-5,tRR0KCTlsX7ni+ptzbTn06hnaeA=,EzWu7Xw3SREG0VYKdL8h+l/AGfs=
16,-5,tRR0KCTlsX7ni+ptzbTn06hnaeA=,EzWu7Xw3SREG0VYKdL8h+l/AGfs=
17,-6,tRR0KCTlsX7ni+ptzbTn06hnaeA=,EzWu7Xw3SREG0VYKdL8h+l/AGfs=
16,-6,tRR0KCTlsX7ni+ptzbTn06hnaeA=,EzWu7Xw3SREG0VYKdL8h+l/AGfs=
17,-3,tRR0KCTlsX7ni+ptzbTn06hnaeA=,1WjNJpUE/2Uk3hbDTa0wrz440nM=
23,-13,tRR0KCTlsX7ni+ptzbTn06hnaeA=,mgXYstNr1HSVOEMt/HHw+RfG82s=
24,-8,tRR0KCTlsX7ni+ptzbTn06hnaeA=,63eiJWCOojGCLpiWXLhN3YrSZiY=
25,-8,tRR0KCTlsX7ni+ptzbTn06hnaeA=,63eiJWCOojGCLpiWXLhN3YrSZiY=
22,-8,tRR0KCTlsX7ni+ptzbTn06hnaeA=,rrAPtouiTVajXgcyf2ibkHNM93A=
23,-11,tRR0KCTlsX7ni+ptzbTn06hnaeA=,q11TQytxQ1MAV7a2j6jo/tazAD0=
22,-11,tRR0KCTlsX7ni+ptzbTn06hnaeA=,q11TQytxQ1MAV7a2j6jo/tazAD0=
25,-9,tRR0KCTlsX7ni+ptzbTn06hnaeA=,HFRfBMSXKOBwEKOmS5A6fGtJY8Q=
24,-9,tRR0KCTlsX7ni+ptzbTn06hnaeA=,HFRfBMSXKOBwEKOmS5A6fGtJY8Q=
25,-11,tRR0KCTlsX7ni+ptzbTn06hnaeA=,HFRfBMSXKOBwEKOmS5A6fGtJY8Q=
24,-11,tRR0KCTlsX7ni+ptzbTn06hnaeA=,HFRfBMSXKOBwEKOmS5A6fGtJY8Q=
22,-13,icmVojsiwCmdpQJHg4HqDRlQQLE=,mgXYstNr1HSVOEMt/HHw+RfG82s=
23,-12,icmVojsiwCmdpQJHg4HqDRlQQLE=,q11TQytxQ1MAV7a2j6jo/tazAD0=
25,-10,icmVojsiwCmdpQJHg4HqDRlQQLE=,HFRfBMSXKOBwEKOmS5A6fGtJY8Q=
24,-10,icmVojsiwCmdpQJHg4HqDRlQQLE=,HFRfBMSXKOBwEKOmS5A6fGtJY8Q=
23,-14,icmVojsiwCmdpQJHg4HqDRlQQLE=,mgXYstNr1HSVOEMt/HHw+RfG82s=
22,-14,icmVojsiwCmdpQJHg4HqDRlQQLE=,mgXYstNr1HSVOEMt/HHw+RfG82s=
22,-12,icmVojsiwCmdpQJHg4HqDRlQQLE=,q11TQytxQ1MAV7a2j6jo/tazAD0=
23,-7,icmVojsiwCmdpQJHg4HqDRlQQLE=,rrAPtouiTVajXgcyf2ibkHNM93A=
22,-7,icmVojsiwCmdpQJHg4HqDRlQQLE=,rrAPtouiTVajXgcyf2ibkHNM93A=
22,-9,icmVojsiwCmdpQJHg4HqDRlQQLE=,q11TQytxQ1MAV7a2j6jo/tazAD0=
25,-12,icmVojsiwCmdpQJHg4HqDRlQQLE=,HFRfBMSXKOBwEKOmS5A6fGtJY8Q=
24,-12,icmVojsiwCmdpQJHg4HqDRlQQLE=,HFRfBMSXKOBwEKOmS5A6fGtJY8Q=
23,-9,icmVojsiwCmdpQJHg4HqDRlQQLE=,q11TQytxQ1MAV7a2j6jo/tazAD0=
25,-7,icmVojsiwCmdpQJHg4HqDRlQQLE=,63eiJWCOojGCLpiWXLhN3YrSZiY=
22,-10,icmVojsiwCmdpQJHg4HqDRlQQLE=,q11TQytxQ1MAV7a2j6jo/tazAD0=
24,-7,icmVojsiwCmdpQJHg4HqDRlQQLE=,63eiJWCOojGCLpiWXLhN3YrSZiY=
23,-8,icmVojsiwCmdpQJHg4HqDRlQQLE=,rrAPtouiTVajXgcyf2ibkHNM93A=
23,-10,icmVojsiwCmdpQJHg4HqDRlQQLE=,q11TQytxQ1MAV7a2j6jo/tazAD0=
30,-2,icmVojsiwCmdpQJHg4HqDRlQQLE=,XMf2IaE68LaFe8mVP8D5KIzWqws=
31,-2,icmVojsiwCmdpQJHg4HqDRlQQLE=,XMf2IaE68LaFe8mVP8D5KIzWqws=
31,-1,icmVojsiwCmdpQJHg4HqDRlQQLE=,XMf2IaE68LaFe8mVP8D5KIzWqws=
30,-1,icmVojsiwCmdpQJHg4HqDRlQQLE=,XMf2IaE68LaFe8mVP8D5KIzWqws=
16,-12,icmVojsiwCmdpQJHg4HqDRlQQLE=,eNA1qaf8Krmx48WQ8bFb1NEbadE=
17,-13,onziLIOc45MrpwpiIgLskIsWQhg=,XCFzCzM1cM9TAk1b1NymH26ioFg=
17,-12,onziLIOc45MrpwpiIgLskIsWQhg=,eNA1qaf8Krmx48WQ8bFb1NEbadE=
16,-13,onziLIOc45MrpwpiIgLskIsWQhg=,XCFzCzM1cM9TAk1b1NymH26ioFg=
17,-14,onziLIOc45MrpwpiIgLskIsWQhg=,XCFzCzM1cM9TAk1b1NymH26ioFg=
16,-14,onziLIOc45MrpwpiIgLskIsWQhg=,XCFzCzM1cM9TAk1b1NymH26ioFg=
17,-11,onziLIOc45MrpwpiIgLskIsWQhg=,eNA1qaf8Krmx48WQ8bFb1NEbadE=
16,-11,onziLIOc45MrpwpiIgLskIsWQhg=,eNA1qaf8Krmx48WQ8bFb1NEbadE=
26,-12,onziLIOc45MrpwpiIgLskIsWQhg=,HFRfBMSXKOBwEKOmS5A6fGtJY8Q=
27,-12,onziLIOc45MrpwpiIgLskIsWQhg=,HFRfBMSXKOBwEKOmS5A6fGtJY8Q=
26,-11,onziLIOc45MrpwpiIgLskIsWQhg=,HFRfBMSXKOBwEKOmS5A6fGtJY8Q=
27,-11,onziLIOc45MrpwpiIgLskIsWQhg=,HFRfBMSXKOBwEKOmS5A6fGtJY8Q=
22,-15,onziLIOc45MrpwpiIgLskIsWQhg=,mgXYstNr1HSVOEMt/HHw+RfG82s=
23,-15,onziLIOc45MrpwpiIgLskIsWQhg=,mgXYstNr1HSVOEMt/HHw+RfG82s=
22,-16,onziLIOc45MrpwpiIgLskIsWQhg=,mgXYstNr1HSVOEMt/HHw+RfG82s=
23,-16,onziLIOc45MrpwpiIgLskIsWQhg=,mgXYstNr1HSVOEMt/HHw+RfG82s=
18,-16,onziLIOc45MrpwpiIgLskIsWQhg=,XCFzCzM1cM9TAk1b1NymH26ioFg=
19,-15,onziLIOc45MrpwpiIgLskIsWQhg=,XCFzCzM1cM9TAk1b1NymH26ioFg=
18,-15,onziLIOc45MrpwpiIgLskIsWQhg=,XCFzCzM1cM9TAk1b1NymH26ioFg=
21,-16,onziLIOc45MrpwpiIgLskIsWQhg=,mgXYstNr1HSVOEMt/HHw+RfG82s=
20,-16,onziLIOc45MrpwpiIgLskIsWQhg=,mgXYstNr1HSVOEMt/HHw+RfG82s=
21,-15,onziLIOc45MrpwpiIgLskIsWQhg=,mgXYstNr1HSVOEMt/HHw+RfG82s=
20,-15,onziLIOc45MrpwpiIgLskIsWQhg=,mgXYstNr1HSVOEMt/HHw+RfG82s=
19,-16,onziLIOc45MrpwpiIgLskIsWQhg=,XCFzCzM1cM9TAk1b1NymH26ioFg=
16,-16,onziLIOc45MrpwpiIgLskIsWQhg=,XCFzCzM1cM9TAk1b1NymH26ioFg=
17,-16,onziLIOc45MrpwpiIgLskIsWQhg=,XCFzCzM1cM9TAk1b1NymH26ioFg=
16,-15,onziLIOc45MrpwpiIgLskIsWQhg=,XCFzCzM1cM9TAk1b1NymH26ioFg=
17,-15,onziLIOc45MrpwpiIgLskIsWQhg=,XCFzCzM1cM9TAk1b1NymH26ioFg=
19,-2,onziLIOc45MrpwpiIgLskIsWQhg=,1WjNJpUE/2Uk3hbDTa0wrz440nM=
18,-1,onziLIOc45MrpwpiIgLskIsWQhg=,1WjNJpUE/2Uk3hbDTa0wrz440nM=
19,-1,onziLIOc45MrpwpiIgLskIsWQhg=,1WjNJpUE/2Uk3hbDTa0wrz440nM=
20,-1,onziLIOc45MrpwpiIgLskIsWQhg=,mX94oyuJpZgivNF94REpBB6yLHc=
21,-1,onziLIOc45MrpwpiIgLskIsWQhg=,mX94oyuJpZgivNF94REpBB6yLHc=
18,-2,onziLIOc45MrpwpiIgLskIsWQhg=,1WjNJpUE/2Uk3hbDTa0wrz440nM=
20,-2,onziLIOc45MrpwpiIgLskIsWQhg=,mX94oyuJpZgivNF94REpBB6yLHc=
21,-2,onziLIOc45MrpwpiIgLskIsWQhg=,mX94oyuJpZgivNF94REpBB6yLHc=
16,-2,onziLIOc45MrpwpiIgLskIsWQhg=,1WjNJpUE/2Uk3hbDTa0wrz440nM=
17,-2,onziLIOc45MrpwpiIgLskIsWQhg=,1WjNJpUE/2Uk3hbDTa0wrz440nM=
16,-1,RLHvWqbQdc7WHiOESKHGpbo9xXY=,1WjNJpUE/2Uk3hbDTa0wrz440nM=
17,-1,RLHvWqbQdc7WHiOESKHGpbo9xXY=,1WjNJpUE/2Uk3hbDTa0wrz440nM=
28,-8,RLHvWqbQdc7WHiOESKHGpbo9xXY=,0WmMaIrjLziSiyJWTztJQ2L8xWo=
27,-9,RLHvWqbQdc7WHiOESKHGpbo9xXY=,HFRfBMSXKOBwEKOmS5A6fGtJY8Q=
26,-9,RLHvWqbQdc7WHiOESKHGpbo9xXY=,HFRfBMSXKOBwEKOmS5A6fGtJY8Q=
27,-7,RLHvWqbQdc7WHiOESKHGpbo9xXY=,63eiJWCOojGCLpiWXLhN3YrSZiY=
26,-7,RLHvWqbQdc7WHiOESKHGpbo9xXY=,63eiJWCOojGCLpiWXLhN3YrSZiY=
31,-4,RLHvWqbQdc7WHiOESKHGpbo9xXY=,XMf2IaE68LaFe8mVP8D5KIzWqws=
31,-7,RLHvWqbQdc7WHiOESKHGpbo9xXY=,0WmMaIrjLziSiyJWTztJQ2L8xWo=
30,-7,RLHvWqbQdc7WHiOESKHGpbo9xXY=,0WmMaIrjLziSiyJWTztJQ2L8xWo=
27,-10,RLHvWqbQdc7WHiOESKHGpbo9xXY=,HFRfBMSXKOBwEKOmS5A6fGtJY8Q=
26,-10,RLHvWqbQdc7WHiOESKHGpbo9xXY=,HFRfBMSXKOBwEKOmS5A6fGtJY8Q=
31,-3,RLHvWqbQdc7WHiOESKHGpbo9xXY=,XMf2IaE68LaFe8mVP8D5KIzWqws=
30,-3,RLHvWqbQdc7WHiOESKHGpbo9xXY=,XMf2IaE68LaFe8mVP8D5KIzWqws=
27,-5,RLHvWqbQdc7WHiOESKHGpbo9xXY=,63eiJWCOojGCLpiWXLhN3YrSZiY=
26,-5,RLHvWqbQdc7WHiOESKHGpbo9xXY=,63eiJWCOojGCLpiWXLhN3YrSZiY=
30,-5,RLHvWqbQdc7WHiOESKHGpbo9xXY=,0WmMaIrjLziSiyJWTztJQ2L8xWo=
28,-4,RLHvWqbQdc7WHiOESKHGpbo9xXY=,XMf2IaE68LaFe8mVP8D5KIzWqws=
28,-5,RLHvWqbQdc7WHiOESKHGpbo9xXY=,0WmMaIrjLziSiyJWTztJQ2L8xWo=
30,-6,RLHvWqbQdc7WHiOESKHGpbo9xXY=,0WmMaIrjLziSiyJWTztJQ2L8xWo=
27,-3,RLHvWqbQdc7WHiOESKHGpbo9xXY=,AxTsYZPTRD4nhoefv0H/EeqKAlM=
30,-4,RLHvWqbQdc7WHiOESKHGpbo9xXY=,XMf2IaE68LaFe8mVP8D5KIzWqws=
29,-3,RLHvWqbQdc7WHiOESKHGpbo9xXY=,XMf2IaE68LaFe8mVP8D5KIzWqws=
28,-3,RLHvWqbQdc7WHiOESKHGpbo9xXY=,XMf2IaE68LaFe8mVP8D5KIzWqws=
31,-8,RLHvWqbQdc7WHiOESKHGpbo9xXY=,0WmMaIrjLziSiyJWTztJQ2L8xWo=
30,-8,RLHvWqbQdc7WHiOESKHGpbo9xXY=,0WmMaIrjLziSiyJWTztJQ2L8xWo=
29,-5,RLHvWqbQdc7WHiOESKHGpbo9xXY=,0WmMaIrjLziSiyJWTztJQ2L8xWo=
29,-6,RLHvWqbQdc7WHiOESKHGpbo9xXY=,0WmMaIrjLziSiyJWTztJQ2L8xWo=
29,-4,RLHvWqbQdc7WHiOESKHGpbo9xXY=,XMf2IaE68LaFe8mVP8D5KIzWqws=
27,-6,RLHvWqbQdc7WHiOESKHGpbo9xXY=,63eiJWCOojGCLpiWXLhN3YrSZiY=
26,-6,RLHvWqbQdc7WHiOESKHGpbo9xXY=,63eiJWCOojGCLpiWXLhN3YrSZiY=
27,-8,RLHvWqbQdc7WHiOESKHGpbo9xXY=,63eiJWCOojGCLpiWXLhN3YrSZiY=
26,-8,RLHvWqbQdc7WHiOESKHGpbo9xXY=,63eiJWCOojGCLpiWXLhN3YrSZiY=
29,-7,RLHvWqbQdc7WHiOESKHGpbo9xXY=,0WmMaIrjLziSiyJWTztJQ2L8xWo=
28,-7,RLHvWqbQdc7WHiOESKHGpbo9xXY=,0WmMaIrjLziSiyJWTztJQ2L8xWo=
29,-8,RLHvWqbQdc7WHiOESKHGpbo9xXY=,0WmMaIrjLziSiyJWTztJQ2L8xWo=
27,-4,RLHvWqbQdc7WHiOESKHGpbo9xXY=,AxTsYZPTRD4nhoefv0H/EeqKAlM=
31,-6,RLHvWqbQdc7WHiOESKHGpbo9xXY=,0WmMaIrjLziSiyJWTztJQ2L8xWo=
28,-6,RLHvWqbQdc7WHiOESKHGpbo9xXY=,0WmMaIrjLziSiyJWTztJQ2L8xWo=
31,-5,RLHvWqbQdc7WHiOESKHGpbo9xXY=,0WmMaIrjLziSiyJWTztJQ2L8xWo=
26,-3,RLHvWqbQdc7WHiOESKHGpbo9xXY=,AxTsYZPTRD4nhoefv0H/EeqKAlM=
26,-4,RLHvWqbQdc7WHiOESKHGpbo9xXY=,AxTsYZPTRD4nhoefv0H/EeqKAlM=
4,-4,nYKKdFDPReS/3+AAlB/wnYJ7OEM=,kkRNqTICFgSiaw2rR6aq3PxiV9s=
5,-4,nYKKdFDPReS/3+AAlB/wnYJ7OEM=,kkRNqTICFgSiaw2rR6aq3PxiV9s=
2,-6,nYKKdFDPReS/3+AAlB/wnYJ7OEM=,4skZa3xoNPAs+j9m/X3LjyZoySw=
3,-6,nYKKdFDPReS/3+AAlB/wnYJ7OEM=,4skZa3xoNPAs+j9m/X3LjyZoySw=
3,-5,nYKKdFDPReS/3+AAlB/wnYJ7OEM=,4skZa3xoNPAs+j9m/X3LjyZoySw=
2,-5,nYKKdFDPReS/3+AAlB/wnYJ7OEM=,4skZa3xoNPAs+j9m/X3LjyZoySw=
4,-5,nYKKdFDPReS/3+AAlB/wnYJ7OEM=,SN3hm5sT+vi2CC4oDHlbroS0bdY=
2,-3,nYKKdFDPReS/3+AAlB/wnYJ7OEM=,Os0vezQ+pe0SNL3R6lXbGVo3bk0=
5,-6,nYKKdFDPReS/3+AAlB/wnYJ7OEM=,SN3hm5sT+vi2CC4oDHlbroS0bdY=
4,-6,nYKKdFDPReS/3+AAlB/wnYJ7OEM=,SN3hm5sT+vi2CC4oDHlbroS0bdY=
3,-3,nYKKdFDPReS/3+AAlB/wnYJ7OEM=,Os0vezQ+pe0SNL3R6lXbGVo3bk0=
3,-4,nYKKdFDPReS/3+AAlB/wnYJ7OEM=,Os0vezQ+pe0SNL3R6lXbGVo3bk0=
5,-5,nYKKdFDPReS/3+AAlB/wnYJ7OEM=,SN3hm5sT+vi2CC4oDHlbroS0bdY=
4,-3,nYKKdFDPReS/3+AAlB/wnYJ7OEM=,kkRNqTICFgSiaw2rR6aq3PxiV9s=
5,-3,nYKKdFDPReS/3+AAlB/wnYJ7OEM=,kkRNqTICFgSiaw2rR6aq3PxiV9s=
2,-4,nYKKdFDPReS/3+AAlB/wnYJ7OEM=,Os0vezQ+pe0SNL3R6lXbGVo3bk0=
8,-12,gmV5xiHsupftJdRzOTEVLxXZ+a4=,OUJsQ7rXGv8iTfgoSAQHjDF6PkY=
7,-13,gmV5xiHsupftJdRzOTEVLxXZ+a4=,Q2kl4ddXgOL9xaZbqVwhZS1C8hE=
6,-13,gmV5xiHsupftJdRzOTEVLxXZ+a4=,Q2kl4ddXgOL9xaZbqVwhZS1C8hE=
9,-13,gmV5xiHsupftJdRzOTEVLxXZ+a4=,VccH3c3tYgSJ1bNzWF50U8OKkfw=
8,-13,gmV5xiHsupftJdRzOTEVLxXZ+a4=,VccH3c3tYgSJ1bNzWF50U8OKkfw=
7,-14,gmV5xiHsupftJdRzOTEVLxXZ+a4=,Q2kl4ddXgOL9xaZbqVwhZS1C8hE=
9,-14,gmV5xiHsupftJdRzOTEVLxXZ+a4=,VccH3c3tYgSJ1bNzWF50U8OKkfw=
7,-11,gmV5xiHsupftJdRzOTEVLxXZ+a4=,6kBp5ySFtIyIQsHCUA+iVuBBNw0=
6,-14,gmV5xiHsupftJdRzOTEVLxXZ+a4=,Q2kl4ddXgOL9xaZbqVwhZS1C8hE=
6,-11,gmV5xiHsupftJdRzOTEVLxXZ+a4=,6kBp5ySFtIyIQsHCUA+iVuBBNw0=
8,-14,gmV5xiHsupftJdRzOTEVLxXZ+a4=,VccH3c3tYgSJ1bNzWF50U8OKkfw=
7,-12,gmV5xiHsupftJdRzOTEVLxXZ+a4=,6kBp5ySFtIyIQsHCUA+iVuBBNw0=
6,-12,gmV5xiHsupftJdRzOTEVLxXZ+a4=,6kBp5ySFtIyIQsHCUA+iVuBBNw0=
9,-12,gmV5xiHsupftJdRzOTEVLxXZ+a4=,OUJsQ7rXGv8iTfgoSAQHjDF6PkY=
8,-11,gmV5xiHsupftJdRzOTEVLxXZ+a4=,OUJsQ7rXGv8iTfgoSAQHjDF6PkY=
9,-11,gmV5xiHsupftJdRzOTEVLxXZ+a4=,OUJsQ7rXGv8iTfgoSAQHjDF6PkY=
7,-9,omvEUfzDdBbkTIht152fmQOYMD8=,6kBp5ySFtIyIQsHCUA+iVuBBNw0=
6,-9,omvEUfzDdBbkTIht152fmQOYMD8=,6kBp5ySFtIyIQsHCUA+iVuBBNw0=
8,-3,omvEUfzDdBbkTIht152fmQOYMD8=,kCK2z/Si0WawtGAZeSGdytNQ50M=
8,-7,omvEUfzDdBbkTIht152fmQOYMD8=,pyf793fH/gOwUDN5jAMnLVNJMHU=
9,-7,omvEUfzDdBbkTIht152fmQOYMD8=,pyf793fH/gOwUDN5jAMnLVNJMHU=
7,-10,omvEUfzDdBbkTIht152fmQOYMD8=,6kBp5ySFtIyIQsHCUA+iVuBBNw0=
9,-3,omvEUfzDdBbkTIht152fmQOYMD8=,kCK2z/Si0WawtGAZeSGdytNQ50M=
6,-10,omvEUfzDdBbkTIht152fmQOYMD8=,6kBp5ySFtIyIQsHCUA+iVuBBNw0=
6,-4,omvEUfzDdBbkTIht152fmQOYMD8=,kkRNqTICFgSiaw2rR6aq3PxiV9s=
9,-9,omvEUfzDdBbkTIht152fmQOYMD8=,OUJsQ7rXGv8iTfgoSAQHjDF6PkY=
7,-5,omvEUfzDdBbkTIht152fmQOYMD8=,SN3hm5sT+vi2CC4oDHlbroS0bdY=
9,-4,qVJT5heA+pT39RGLcJ3WJAkMqKk=,kCK2z/Si0WawtGAZeSGdytNQ50M=
6,-5,qVJT5heA+pT39RGLcJ3WJAkMqKk=,SN3hm5sT+vi2CC4oDHlbroS0bdY=
7,-6,qVJT5heA+pT39RGLcJ3WJAkMqKk=,SN3hm5sT+vi2CC4oDHlbroS0bdY=
8,-9,qVJT5heA+pT39RGLcJ3WJAkMqKk=,OUJsQ7rXGv8iTfgoSAQHjDF6PkY=
9,-10,qVJT5heA+pT39RGLcJ3WJAkMqKk=,OUJsQ7rXGv8iTfgoSAQHjDF6PkY=
6,-6,qVJT5heA+pT39RGLcJ3WJAkMqKk=,SN3hm5sT+vi2CC4oDHlbroS0bdY=
9,-5,qVJT5heA+pT39RGLcJ3WJAkMqKk=,pyf793fH/gOwUDN5jAMnLVNJMHU=
8,-4,qVJT5heA+pT39RGLcJ3WJAkMqKk=,kCK2z/Si0WawtGAZeSGdytNQ50M=
8,-10,qVJT5heA+pT39RGLcJ3WJAkMqKk=,OUJsQ7rXGv8iTfgoSAQHjDF6PkY=
7,-7,qVJT5heA+pT39RGLcJ3WJAkMqKk=,SN3hm5sT+vi2CC4oDHlbroS0bdY=
6,-7,qVJT5heA+pT39RGLcJ3WJAkMqKk=,SN3hm5sT+vi2CC4oDHlbroS0bdY=
8,-5,qVJT5heA+pT39RGLcJ3WJAkMqKk=,pyf793fH/gOwUDN5jAMnLVNJMHU=
8,-6,qVJT5heA+pT39RGLcJ3WJAkMqKk=,pyf793fH/gOwUDN5jAMnLVNJMHU=
6,-8,qVJT5heA+pT39RGLcJ3WJAkMqKk=,SN3hm5sT+vi2CC4oDHlbroS0bdY=
7,-3,qVJT5heA+pT39RGLcJ3WJAkMqKk=,kkRNqTICFgSiaw2rR6aq3PxiV9s=
8,-8,qVJT5heA+pT39RGLcJ3WJAkMqKk=,pyf793fH/gOwUDN5jAMnLVNJMHU=
9,-8,qVJT5heA+pT39RGLcJ3WJAkMqKk=,pyf793fH/gOwUDN5jAMnLVNJMHU=
6,-3,qVJT5heA+pT39RGLcJ3WJAkMqKk=,kkRNqTICFgSiaw2rR6aq3PxiV9s=
9,-6,qVJT5heA+pT39RGLcJ3WJAkMqKk=,pyf793fH/gOwUDN5jAMnLVNJMHU=
7,-4,qVJT5heA+pT39RGLcJ3WJAkMqKk=,kkRNqTICFgSiaw2rR6aq3PxiV9s=
7,-8,qVJT5heA+pT39RGLcJ3WJAkMqKk=,SN3hm5sT+vi2CC4oDHlbroS0bdY=
12,-3,i5baCVtHJWpzRF4L7Qkq1rHv/Bo=,9N/sK5Q9MM2dY6qAmTup+LPu2zI=
15,-5,i5baCVtHJWpzRF4L7Qkq1rHv/Bo=,tsks+7SCZQOrhj89F84lcbqr+HU=
14,-5,i5baCVtHJWpzRF4L7Qkq1rHv/Bo=,tsks+7SCZQOrhj89F84lcbqr+HU=
13,-5,i5baCVtHJWpzRF4L7Qkq1rHv/Bo=,tsks+7SCZQOrhj89F84lcbqr+HU=
13,-3,i5baCVtHJWpzRF4L7Qkq1rHv/Bo=,9N/sK5Q9MM2dY6qAmTup+LPu2zI=
12,-6,i5baCVtHJWpzRF4L7Qkq1rHv/Bo=,tsks+7SCZQOrhj89F84lcbqr+HU=
10,-4,i5baCVtHJWpzRF4L7Qkq1rHv/Bo=,kCK2z/Si0WawtGAZeSGdytNQ50M=
13,-6,i5baCVtHJWpzRF4L7Qkq1rHv/Bo=,tsks+7SCZQOrhj89F84lcbqr+HU=
10,-3,i5baCVtHJWpzRF4L7Qkq1rHv/Bo=,kCK2z/Si0WawtGAZeSGdytNQ50M=
11,-3,i5baCVtHJWpzRF4L7Qkq1rHv/Bo=,kCK2z/Si0WawtGAZeSGdytNQ50M=
12,-5,i5baCVtHJWpzRF4L7Qkq1rHv/Bo=,tsks+7SCZQOrhj89F84lcbqr+HU=
15,-3,i5baCVtHJWpzRF4L7Qkq1rHv/Bo=,9N/sK5Q9MM2dY6qAmTup+LPu2zI=
11,-5,i5baCVtHJWpzRF4L7Qkq1rHv/Bo=,pyf793fH/gOwUDN5jAMnLVNJMHU=
15,-6,i5baCVtHJWpzRF4L7Qkq1rHv/Bo=,tsks+7SCZQOrhj89F84lcbqr+HU=
14,-6,i5baCVtHJWpzRF4L7Qkq1rHv/Bo=,tsks+7SCZQOrhj89F84lcbqr+HU=
10,-5,i5baCVtHJWpzRF4L7Qkq1rHv/Bo=,pyf793fH/gOwUDN5jAMnLVNJMHU=
15,-4,i5baCVtHJWpzRF4L7Qkq1rHv/Bo=,9N/sK5Q9MM2dY6qAmTup+LPu2zI=
14,-4,i5baCVtHJWpzRF4L7Qkq1rHv/Bo=,9N/sK5Q9MM2dY6qAmTup+LPu2zI=
14,-3,i5baCVtHJWpzRF4L7Qkq1rHv/Bo=,9N/sK5Q9MM2dY6qAmTup+LPu2zI=
11,-4,i5baCVtHJWpzRF4L7Qkq1rHv/Bo=,kCK2z/Si0WawtGAZeSGdytNQ50M=
11,-6,i5baCVtHJWpzRF4L7Qkq1rHv/Bo=,pyf793fH/gOwUDN5jAMnLVNJMHU=
13,-4,i5baCVtHJWpzRF4L7Qkq1rHv/Bo=,9N/sK5Q9MM2dY6qAmTup+LPu2zI=
12,-4,i5baCVtHJWpzRF4L7Qkq1rHv/Bo=,9N/sK5Q9MM2dY6qAmTup+LPu2zI=
10,-6,i5baCVtHJWpzRF4L7Qkq1rHv/Bo=,pyf793fH/gOwUDN5jAMnLVNJMHU=
12,-14,xGKFgFREkt5IEyP0KRLzXsMuffY=,RAO1/8I5xkcCn8pPjK6Z0l6R1r4=
13,-14,xGKFgFREkt5IEyP0KRLzXsMuffY=,RAO1/8I5xkcCn8pPjK6Z0l6R1r4=
12,-12,xGKFgFREkt5IEyP0KRLzXsMuffY=,bvf2y0kg2n3x3/O/OLsA/wrOAfQ=
15,-11,xGKFgFREkt5IEyP0KRLzXsMuffY=,bvf2y0kg2n3x3/O/OLsA/wrOAfQ=
15,-7,xGKFgFREkt5IEyP0KRLzXsMuffY=,tsks+7SCZQOrhj89F84lcbqr+HU=
14,-7,xGKFgFREkt5IEyP0KRLzXsMuffY=,tsks+7SCZQOrhj89F84lcbqr+HU=
14,-11,xGKFgFREkt5IEyP0KRLzXsMuffY=,bvf2y0kg2n3x3/O/OLsA/wrOAfQ=
13,-11,xGKFgFREkt5IEyP0KRLzXsMuffY=,bvf2y0kg2n3x3/O/OLsA/wrOAfQ=
12,-11,xGKFgFREkt5IEyP0KRLzXsMuffY=,bvf2y0kg2n3x3/O/OLsA/wrOAfQ=
15,-10,xGKFgFREkt5IEyP0KRLzXsMuffY=,bvf2y0kg2n3x3/O/OLsA/wrOAfQ=
13,-12,xGKFgFREkt5IEyP0KRLzXsMuffY=,bvf2y0kg2n3x3/O/OLsA/wrOAfQ=
11,-7,xGKFgFREkt5IEyP0KRLzXsMuffY=,pyf793fH/gOwUDN5jAMnLVNJMHU=
11,-9,xGKFgFREkt5IEyP0KRLzXsMuffY=,OUJsQ7rXGv8iTfgoSAQHjDF6PkY=
14,-10,xGKFgFREkt5IEyP0KRLzXsMuffY=,bvf2y0kg2n3x3/O/OLsA/wrOAfQ=
12,-9,xGKFgFREkt5IEyP0KRLzXsMuffY=,bvf2y0kg2n3x3/O/OLsA/wrOAfQ=
15,-9,xGKFgFREkt5IEyP0KRLzXsMuffY=,bvf2y0kg2n3x3/O/OLsA/wrOAfQ=
10,-7,xGKFgFREkt5IEyP0KRLzXsMuffY=,pyf793fH/gOwUDN5jAMnLVNJMHU=
10,-13,xGKFgFREkt5IEyP0KRLzXsMuffY=,VccH3c3tYgSJ1bNzWF50U8OKkfw=
15,-8,xGKFgFREkt5IEyP0KRLzXsMuffY=,tsks+7SCZQOrhj89F84lcbqr+HU=
14,-9,xGKFgFREkt5IEyP0KRLzXsMuffY=,bvf2y0kg2n3x3/O/OLsA/wrOAfQ=
11,-8,xGKFgFREkt5IEyP0KRLzXsMuffY=,pyf793fH/gOwUDN5jAMnLVNJMHU=
15,-12,xGKFgFREkt5IEyP0KRLzXsMuffY=,bvf2y0kg2n3x3/O/OLsA/wrOAfQ=
14,-8,xGKFgFREkt5IEyP0KRLzXsMuffY=,tsks+7SCZQOrhj89F84lcbqr+HU=
14,-12,xGKFgFREkt5IEyP0KRLzXsMuffY=,bvf2y0kg2n3x3/O/OLsA/wrOAfQ=
10,-8,xGKFgFREkt5IEyP0KRLzXsMuffY=,pyf793fH/gOwUDN5jAMnLVNJMHU=
13,-9,xGKFgFREkt5IEyP0KRLzXsMuffY=,bvf2y0kg2n3x3/O/OLsA/wrOAfQ=
11,-13,xGKFgFREkt5IEyP0KRLzXsMuffY=,VccH3c3tYgSJ1bNzWF50U8OKkfw=
10,-14,n5TOCmhE6PVqfhlqW/IronlKzQM=,VccH3c3tYgSJ1bNzWF50U8OKkfw=
15,-13,n5TOCmhE6PVqfhlqW/IronlKzQM=,RAO1/8I5xkcCn8pPjK6Z0l6R1r4=
14,-13,n5TOCmhE6PVqfhlqW/IronlKzQM=,RAO1/8I5xkcCn8pPjK6Z0l6R1r4=
11,-14,n5TOCmhE6PVqfhlqW/IronlKzQM=,VccH3c3tYgSJ1bNzWF50U8OKkfw=
10,-9,n5TOCmhE6PVqfhlqW/IronlKzQM=,OUJsQ7rXGv8iTfgoSAQHjDF6PkY=
11,-10,n5TOCmhE6PVqfhlqW/IronlKzQM=,OUJsQ7rXGv8iTfgoSAQHjDF6PkY=
10,-12,n5TOCmhE6PVqfhlqW/IronlKzQM=,OUJsQ7rXGv8iTfgoSAQHjDF6PkY=
10,-10,n5TOCmhE6PVqfhlqW/IronlKzQM=,OUJsQ7rXGv8iTfgoSAQHjDF6PkY=
11,-12,n5TOCmhE6PVqfhlqW/IronlKzQM=,OUJsQ7rXGv8iTfgoSAQHjDF6PkY=
14,-14,n5TOCmhE6PVqfhlqW/IronlKzQM=,RAO1/8I5xkcCn8pPjK6Z0l6R1r4=
15,-14,n5TOCmhE6PVqfhlqW/IronlKzQM=,RAO1/8I5xkcCn8pPjK6Z0l6R1r4=
12,-7,n5TOCmhE6PVqfhlqW/IronlKzQM=,tsks+7SCZQOrhj89F84lcbqr+HU=
13,-7,n5TOCmhE6PVqfhlqW/IronlKzQM=,tsks+7SCZQOrhj89F84lcbqr+HU=
13,-13,n5TOCmhE6PVqfhlqW/IronlKzQM=,RAO1/8I5xkcCn8pPjK6Z0l6R1r4=
12,-13,n5TOCmhE6PVqfhlqW/IronlKzQM=,RAO1/8I5xkcCn8pPjK6Z0l6R1r4=
13,-10,n5TOCmhE6PVqfhlqW/IronlKzQM=,bvf2y0kg2n3x3/O/OLsA/wrOAfQ=
10,-11,n5TOCmhE6PVqfhlqW/IronlKzQM=,OUJsQ7rXGv8iTfgoSAQHjDF6PkY=
11,-11,n5TOCmhE6PVqfhlqW/IronlKzQM=,OUJsQ7rXGv8iTfgoSAQHjDF6PkY=
12,-8,n5TOCmhE6PVqfhlqW/IronlKzQM=,tsks+7SCZQOrhj89F84lcbqr+HU=
12,-10,n5TOCmhE6PVqfhlqW/IronlKzQM=,bvf2y0kg2n3x3/O/OLsA/wrOAfQ=
13,-8,n5TOCmhE6PVqfhlqW/IronlKzQM=,tsks+7SCZQOrhj89F84lcbqr+HU=
3,-2,U5fGeyI6/8duXSeC+wwgWmpvcSg=,Os0vezQ+pe0SNL3R6lXbGVo3bk0=
2,-1,U5fGeyI6/8duXSeC+wwgWmpvcSg=,Os0vezQ+pe0SNL3R6lXbGVo3bk0=
4,-2,U5fGeyI6/8duXSeC+wwgWmpvcSg=,kkRNqTICFgSiaw2rR6aq3PxiV9s=
2,-2,U5fGeyI6/8duXSeC+wwgWmpvcSg=,Os0vezQ+pe0SNL3R6lXbGVo3bk0=
5,-1,U5fGeyI6/8duXSeC+wwgWmpvcSg=,kkRNqTICFgSiaw2rR6aq3PxiV9s=
3,-1,U5fGeyI6/8duXSeC+wwgWmpvcSg=,Os0vezQ+pe0SNL3R6lXbGVo3bk0=
4,-1,U5fGeyI6/8duXSeC+wwgWmpvcSg=,kkRNqTICFgSiaw2rR6aq3PxiV9s=
5,-2,U5fGeyI6/8duXSeC+wwgWmpvcSg=,kkRNqTICFgSiaw2rR6aq3PxiV9s=
12,-1,4TALqouxQgZ7lZSek12rqKQdc0g=,9N/sK5Q9MM2dY6qAmTup+LPu2zI=
6,-1,4TALqouxQgZ7lZSek12rqKQdc0g=,kkRNqTICFgSiaw2rR6aq3PxiV9s=
7,-1,4TALqouxQgZ7lZSek12rqKQdc0g=,kkRNqTICFgSiaw2rR6aq3PxiV9s=
13,-1,4TALqouxQgZ7lZSek12rqKQdc0g=,9N/sK5Q9MM2dY6qAmTup+LPu2zI=
12,-2,4TALqouxQgZ7lZSek12rqKQdc0g=,9N/sK5Q9MM2dY6qAmTup+LPu2zI=
11,-1,4TALqouxQgZ7lZSek12rqKQdc0g=,kCK2z/Si0WawtGAZeSGdytNQ50M=
13,-2,4TALqouxQgZ7lZSek12rqKQdc0g=,9N/sK5Q9MM2dY6qAmTup+LPu2zI=
7,-2,4TALqouxQgZ7lZSek12rqKQdc0g=,kkRNqTICFgSiaw2rR6aq3PxiV9s=
8,-2,4TALqouxQgZ7lZSek12rqKQdc0g=,kCK2z/Si0WawtGAZeSGdytNQ50M=
9,-2,4TALqouxQgZ7lZSek12rqKQdc0g=,kCK2z/Si0WawtGAZeSGdytNQ50M=
10,-2,4TALqouxQgZ7lZSek12rqKQdc0g=,kCK2z/Si0WawtGAZeSGdytNQ50M=
11,-2,4TALqouxQgZ7lZSek12rqKQdc0g=,kCK2z/Si0WawtGAZeSGdytNQ50M=
9,-1,4TALqouxQgZ7lZSek12rqKQdc0g=,kCK2z/Si0WawtGAZeSGdytNQ50M=
10,-1,4TALqouxQgZ7lZSek12rqKQdc0g=,kCK2z/Si0WawtGAZeSGdytNQ50M=
6,-2,4TALqouxQgZ7lZSek12rqKQdc0g=,kkRNqTICFgSiaw2rR6aq3PxiV9s=
8,-1,4TALqouxQgZ7lZSek12rqKQdc0g=,kCK2z/Si0WawtGAZeSGdytNQ50M=
3,-9,z331FZDZOIc4hXUKddi2fHOi3ws=,ewn7Tj8AY0rXzYBdxyC3H0HWPbY=
2,-9,z331FZDZOIc4hXUKddi2fHOi3ws=,ewn7Tj8AY0rXzYBdxyC3H0HWPbY=
5,-9,z331FZDZOIc4hXUKddi2fHOi3ws=,6kBp5ySFtIyIQsHCUA+iVuBBNw0=
4,-9,z331FZDZOIc4hXUKddi2fHOi3ws=,6kBp5ySFtIyIQsHCUA+iVuBBNw0=
3,-10,z331FZDZOIc4hXUKddi2fHOi3ws=,ewn7Tj8AY0rXzYBdxyC3H0HWPbY=
2,-10,z331FZDZOIc4hXUKddi2fHOi3ws=,ewn7Tj8AY0rXzYBdxyC3H0HWPbY=
3,-7,z331FZDZOIc4hXUKddi2fHOi3ws=,4skZa3xoNPAs+j9m/X3LjyZoySw=
2,-7,z331FZDZOIc4hXUKddi2fHOi3ws=,4skZa3xoNPAs+j9m/X3LjyZoySw=
3,-8,z331FZDZOIc4hXUKddi2fHOi3ws=,4skZa3xoNPAs+j9m/X3LjyZoySw=
2,-8,z331FZDZOIc4hXUKddi2fHOi3ws=,4skZa3xoNPAs+j9m/X3LjyZoySw=
4,-8,z331FZDZOIc4hXUKddi2fHOi3ws=,SN3hm5sT+vi2CC4oDHlbroS0bdY=
4,-10,z331FZDZOIc4hXUKddi2fHOi3ws=,6kBp5ySFtIyIQsHCUA+iVuBBNw0=
5,-10,z331FZDZOIc4hXUKddi2fHOi3ws=,6kBp5ySFtIyIQsHCUA+iVuBBNw0=
4,-7,z331FZDZOIc4hXUKddi2fHOi3ws=,SN3hm5sT+vi2CC4oDHlbroS0bdY=
5,-7,z331FZDZOIc4hXUKddi2fHOi3ws=,SN3hm5sT+vi2CC4oDHlbroS0bdY=
5,-8,z331FZDZOIc4hXUKddi2fHOi3ws=,SN3hm5sT+vi2CC4oDHlbroS0bdY=
2,-13,8u6K1U5uwj2mUtemo98ra72bI0I=,eaI5JxYI4hwL+RCasa/u4URx1U4=
1,-9,8u6K1U5uwj2mUtemo98ra72bI0I=,ewn7Tj8AY0rXzYBdxyC3H0HWPbY=
4,-12,8u6K1U5uwj2mUtemo98ra72bI0I=,6kBp5ySFtIyIQsHCUA+iVuBBNw0=
0,-8,8u6K1U5uwj2mUtemo98ra72bI0I=,4skZa3xoNPAs+j9m/X3LjyZoySw=
1,-8,8u6K1U5uwj2mUtemo98ra72bI0I=,4skZa3xoNPAs+j9m/X3LjyZoySw=
0,-7,8u6K1U5uwj2mUtemo98ra72bI0I=,4skZa3xoNPAs+j9m/X3LjyZoySw=
1,-7,8u6K1U5uwj2mUtemo98ra72bI0I=,4skZa3xoNPAs+j9m/X3LjyZoySw=
0,-10,8u6K1U5uwj2mUtemo98ra72bI0I=,ewn7Tj8AY0rXzYBdxyC3H0HWPbY=
1,-10,8u6K1U5uwj2mUtemo98ra72bI0I=,ewn7Tj8AY0rXzYBdxyC3H0HWPbY=
0,-9,8u6K1U5uwj2mUtemo98ra72bI0I=,ewn7Tj8AY0rXzYBdxyC3H0HWPbY=
3,-13,8u6K1U5uwj2mUtemo98ra72bI0I=,eaI5JxYI4hwL+RCasa/u4URx1U4=
2,-14,8u6K1U5uwj2mUtemo98ra72bI0I=,eaI5JxYI4hwL+RCasa/u4URx1U4=
4,-13,8u6K1U5uwj2mUtemo98ra72bI0I=,Q2kl4ddXgOL9xaZbqVwhZS1C8hE=
0,-12,8u6K1U5uwj2mUtemo98ra72bI0I=,ewn7Tj8AY0rXzYBdxyC3H0HWPbY=
5,-13,8u6K1U5uwj2mUtemo98ra72bI0I=,Q2kl4ddXgOL9xaZbqVwhZS1C8hE=
3,-11,8u6K1U5uwj2mUtemo98ra72bI0I=,ewn7Tj8AY0rXzYBdxyC3H0HWPbY=
5,-12,8u6K1U5uwj2mUtemo98ra72bI0I=,6kBp5ySFtIyIQsHCUA+iVuBBNw0=
1,-12,8u6K1U5uwj2mUtemo98ra72bI0I=,ewn7Tj8AY0rXzYBdxyC3H0HWPbY=
0,-11,8u6K1U5uwj2mUtemo98ra72bI0I=,ewn7Tj8AY0rXzYBdxyC3H0HWPbY=
1,-11,8u6K1U5uwj2mUtemo98ra72bI0I=,ewn7Tj8AY0rXzYBdxyC3H0HWPbY=
0,-14,8u6K1U5uwj2mUtemo98ra72bI0I=,eaI5JxYI4hwL+RCasa/u4URx1U4=
1,-14,8u6K1U5uwj2mUtemo98ra72bI0I=,eaI5JxYI4hwL+RCasa/u4URx1U4=
0,-13,8u6K1U5uwj2mUtemo98ra72bI0I=,eaI5JxYI4hwL+RCasa/u4URx1U4=
1,-13,8u6K1U5uwj2mUtemo98ra72bI0I=,eaI5JxYI4hwL+RCasa/u4URx1U4=
2,-12,8u6K1U5uwj2mUtemo98ra72bI0I=,ewn7Tj8AY0rXzYBdxyC3H0HWPbY=
2,-11,8u6K1U5uwj2mUtemo98ra72bI0I=,ewn7Tj8AY0rXzYBdxyC3H0HWPbY=
4,-14,8u6K1U5uwj2mUtemo98ra72bI0I=,Q2kl4ddXgOL9xaZbqVwhZS1C8hE=
3,-14,8u6K1U5uwj2mUtemo98ra72bI0I=,eaI5JxYI4hwL+RCasa/u4URx1U4=
5,-11,8u6K1U5uwj2mUtemo98ra72bI0I=,6kBp5ySFtIyIQsHCUA+iVuBBNw0=
5,-14,8u6K1U5uwj2mUtemo98ra72bI0I=,Q2kl4ddXgOL9xaZbqVwhZS1C8hE=
3,-12,8u6K1U5uwj2mUtemo98ra72bI0I=,ewn7Tj8AY0rXzYBdxyC3H0HWPbY=
4,-11,8u6K1U5uwj2mUtemo98ra72bI0I=,6kBp5ySFtIyIQsHCUA+iVuBBNw0=
0,-4,8u6K1U5uwj2mUtemo98ra72bI0I=,Os0vezQ+pe0SNL3R6lXbGVo3bk0=
1,-5,8u6K1U5uwj2mUtemo98ra72bI0I=,4skZa3xoNPAs+j9m/X3LjyZoySw=
1,-6,8u6K1U5uwj2mUtemo98ra72bI0I=,4skZa3xoNPAs+j9m/X3LjyZoySw=
0,-5,8u6K1U5uwj2mUtemo98ra72bI0I=,4skZa3xoNPAs+j9m/X3LjyZoySw=
1,-4,8u6K1U5uwj2mUtemo98ra72bI0I=,Os0vezQ+pe0SNL3R6lXbGVo3bk0=
0,-6,8u6K1U5uwj2mUtemo98ra72bI0I=,4skZa3xoNPAs+j9m/X3LjyZoySw=
0,-3,8u6K1U5uwj2mUtemo98ra72bI0I=,Os0vezQ+pe0SNL3R6lXbGVo3bk0=
1,-3,8u6K1U5uwj2mUtemo98ra72bI0I=,Os0vezQ+pe0SNL3R6lXbGVo3bk0=
12,-16,Q2S5vnB8imH6TwdCQRHT01XOUbM=,RAO1/8I5xkcCn8pPjK6Z0l6R1r4=
13,-16,Q2S5vnB8imH6TwdCQRHT01XOUbM=,RAO1/8I5xkcCn8pPjK6Z0l6R1r4=
6,-15,Q2S5vnB8imH6TwdCQRHT01XOUbM=,Q2kl4ddXgOL9xaZbqVwhZS1C8hE=
7,-15,Q2S5vnB8imH6TwdCQRHT01XOUbM=,Q2kl4ddXgOL9xaZbqVwhZS1C8hE=
8,-15,Q2S5vnB8imH6TwdCQRHT01XOUbM=,VccH3c3tYgSJ1bNzWF50U8OKkfw=
11,-16,Q2S5vnB8imH6TwdCQRHT01XOUbM=,VccH3c3tYgSJ1bNzWF50U8OKkfw=
10,-15,Q2S5vnB8imH6TwdCQRHT01XOUbM=,VccH3c3tYgSJ1bNzWF50U8OKkfw=
13,-15,Q2S5vnB8imH6TwdCQRHT01XOUbM=,RAO1/8I5xkcCn8pPjK6Z0l6R1r4=
9,-15,Q2S5vnB8imH6TwdCQRHT01XOUbM=,VccH3c3tYgSJ1bNzWF50U8OKkfw=
10,-16,Q2S5vnB8imH6TwdCQRHT01XOUbM=,VccH3c3tYgSJ1bNzWF50U8OKkfw=
11,-15,Q2S5vnB8imH6TwdCQRHT01XOUbM=,VccH3c3tYgSJ1bNzWF50U8OKkfw=
8,-16,Q2S5vnB8imH6TwdCQRHT01XOUbM=,VccH3c3tYgSJ1bNzWF50U8OKkfw=
9,-16,Q2S5vnB8imH6TwdCQRHT01XOUbM=,VccH3c3tYgSJ1bNzWF50U8OKkfw=
12,-15,Q2S5vnB8imH6TwdCQRHT01XOUbM=,RAO1/8I5xkcCn8pPjK6Z0l6R1r4=
7,-16,Q2S5vnB8imH6TwdCQRHT01XOUbM=,Q2kl4ddXgOL9xaZbqVwhZS1C8hE=
6,-16,Q2S5vnB8imH6TwdCQRHT01XOUbM=,Q2kl4ddXgOL9xaZbqVwhZS1C8hE=
15,-2,Q2S5vnB8imH6TwdCQRHT01XOUbM=,9N/sK5Q9MM2dY6qAmTup+LPu2zI=
14,-1,Q2S5vnB8imH6TwdCQRHT01XOUbM=,9N/sK5Q9MM2dY6qAmTup+LPu2zI=
15,-1,Q2S5vnB8imH6TwdCQRHT01XOUbM=,9N/sK5Q9MM2dY6qAmTup+LPu2zI=
14,-2,Q2S5vnB8imH6TwdCQRHT01XOUbM=,9N/sK5Q9MM2dY6qAmTup+LPu2zI=
14,-16,Q2S5vnB8imH6TwdCQRHT01XOUbM=,RAO1/8I5xkcCn8pPjK6Z0l6R1r4=
15,-16,Q2S5vnB8imH6TwdCQRHT01XOUbM=,RAO1/8I5xkcCn8pPjK6Z0l6R1r4=
14,-15,Q2S5vnB8imH6TwdCQRHT01XOUbM=,RAO1/8I5xkcCn8pPjK6Z0l6R1r4=
15,-15,Q2S5vnB8imH6TwdCQRHT01XOUbM=,RAO1/8I5xkcCn8pPjK6Z0l6R1r4=
1,-2,Q2S5vnB8imH6TwdCQRHT01XOUbM=,Os0vezQ+pe0SNL3R6lXbGVo3bk0=
1,-1,Q2S5vnB8imH6TwdCQRHT01XOUbM=,Os0vezQ+pe0SNL3R6lXbGVo3bk0=
0,-2,Q2S5vnB8imH6TwdCQRHT01XOUbM=,Os0vezQ+pe0SNL3R6lXbGVo3bk0=
0,-16,Q2S5vnB8imH6TwdCQRHT01XOUbM=,eaI5JxYI4hwL+RCasa/u4URx1U4=
1,-16,Q2S5vnB8imH6TwdCQRHT01XOUbM=,eaI5JxYI4hwL+RCasa/u4URx1U4=
2,-16,Q2S5vnB8imH6TwdCQRHT01XOUbM=,eaI5JxYI4hwL+RCasa/u4URx1U4=
4,-15,Q2S5vnB8imH6TwdCQRHT01XOUbM=,Q2kl4ddXgOL9xaZbqVwhZS1C8hE=
5,-15,Q2S5vnB8imH6TwdCQRHT01XOUbM=,Q2kl4ddXgOL9xaZbqVwhZS1C8hE=
2,-15,Q2S5vnB8imH6TwdCQRHT01XOUbM=,eaI5JxYI4hwL+RCasa/u4URx1U4=
1,-15,Q2S5vnB8imH6TwdCQRHT01XOUbM=,eaI5JxYI4hwL+RCasa/u4URx1U4=
0,-15,Q2S5vnB8imH6TwdCQRHT01XOUbM=,eaI5JxYI4hwL+RCasa/u4URx1U4=
3,-15,Q2S5vnB8imH6TwdCQRHT01XOUbM=,eaI5JxYI4hwL+RCasa/u4URx1U4=
5,-16,Q2S5vnB8imH6TwdCQRHT01XOUbM=,Q2kl4ddXgOL9xaZbqVwhZS1C8hE=
0,-1,MvngYFaVVNRZP1HqpMMixcJgdP4=,Os0vezQ+pe0SNL3R6lXbGVo3bk0=
3,-16,MvngYFaVVNRZP1HqpMMixcJgdP4=,eaI5JxYI4hwL+RCasa/u4URx1U4=
4,-16,MvngYFaVVNRZP1HqpMMixcJgdP4=,Q2kl4ddXgOL9xaZbqVwhZS1C8hE=
4,-20,wqnDb+m+Arpl9lh5d6RQtQQyMeI=,bIP/OmQFYB/U0RhEVv1S3LWLu3Y=
5,-20,wqnDb+m+Arpl9lh5d6RQtQQyMeI=,bIP/OmQFYB/U0RhEVv1S3LWLu3Y=
3,-19,wqnDb+m+Arpl9lh5d6RQtQQyMeI=,Tb9C/YWFNwhOVRRTkCwkj7obtHg=
2,-19,wqnDb+m+Arpl9lh5d6RQtQQyMeI=,Tb9C/YWFNwhOVRRTkCwkj7obtHg=
3,-20,wqnDb+m+Arpl9lh5d6RQtQQyMeI=,Tb9C/YWFNwhOVRRTkCwkj7obtHg=
2,-20,wqnDb+m+Arpl9lh5d6RQtQQyMeI=,Tb9C/YWFNwhOVRRTkCwkj7obtHg=
5,-19,wqnDb+m+Arpl9lh5d6RQtQQyMeI=,bIP/OmQFYB/U0RhEVv1S3LWLu3Y=
4,-19,wqnDb+m+Arpl9lh5d6RQtQQyMeI=,bIP/OmQFYB/U0RhEVv1S3LWLu3Y=
2,-18,wqnDb+m+Arpl9lh5d6RQtQQyMeI=,Tb9C/YWFNwhOVRRTkCwkj7obtHg=
3,-18,wqnDb+m+Arpl9lh5d6RQtQQyMeI=,Tb9C/YWFNwhOVRRTkCwkj7obtHg=
3,-17,wqnDb+m+Arpl9lh5d6RQtQQyMeI=,Tb9C/YWFNwhOVRRTkCwkj7obtHg=
2,-17,wqnDb+m+Arpl9lh5d6RQtQQyMeI=,Tb9C/YWFNwhOVRRTkCwkj7obtHg=
5,-17,wqnDb+m+Arpl9lh5d6RQtQQyMeI=,bIP/OmQFYB/U0RhEVv1S3LWLu3Y=
4,-18,wqnDb+m+Arpl9lh5d6RQtQQyMeI=,bIP/OmQFYB/U0RhEVv1S3LWLu3Y=
5,-18,wqnDb+m+Arpl9lh5d6RQtQQyMeI=,bIP/OmQFYB/U0RhEVv1S3LWLu3Y=
4,-17,wqnDb+m+Arpl9lh5d6RQtQQyMeI=,bIP/OmQFYB/U0RhEVv1S3LWLu3Y=
0,-20,wqnDb+m+Arpl9lh5d6RQtQQyMeI=,Tb9C/YWFNwhOVRRTkCwkj7obtHg=
1,-20,wqnDb+m+Arpl9lh5d6RQtQQyMeI=,Tb9C/YWFNwhOVRRTkCwkj7obtHg=
0,-19,wqnDb+m+Arpl9lh5d6RQtQQyMeI=,Tb9C/YWFNwhOVRRTkCwkj7obtHg=
1,-19,wqnDb+m+Arpl9lh5d6RQtQQyMeI=,Tb9C/YWFNwhOVRRTkCwkj7obtHg=
0,-18,wqnDb+m+Arpl9lh5d6RQtQQyMeI=,Tb9C/YWFNwhOVRRTkCwkj7obtHg=
1,-18,wqnDb+m+Arpl9lh5d6RQtQQyMeI=,Tb9C/YWFNwhOVRRTkCwkj7obtHg=
0,-17,wqnDb+m+Arpl9lh5d6RQtQQyMeI=,Tb9C/YWFNwhOVRRTkCwkj7obtHg=
8,-19,wqnDb+m+Arpl9lh5d6RQtQQyMeI=,mU4sVSLE0wo27epQ/naTRUQ0iUc=
9,-19,wqnDb+m+Arpl9lh5d6RQtQQyMeI=,mU4sVSLE0wo27epQ/naTRUQ0iUc=
8,-20,wqnDb+m+Arpl9lh5d6RQtQQyMeI=,mU4sVSLE0wo27epQ/naTRUQ0iUc=
9,-20,wqnDb+m+Arpl9lh5d6RQtQQyMeI=,mU4sVSLE0wo27epQ/naTRUQ0iUc=
6,-20,wqnDb+m+Arpl9lh5d6RQtQQyMeI=,bIP/OmQFYB/U0RhEVv1S3LWLu3Y=
7,-20,1iGugBqNdggKTlfLA2bQr4Bg6Ds=,bIP/OmQFYB/U0RhEVv1S3LWLu3Y=
6,-19,1iGugBqNdggKTlfLA2bQr4Bg6Ds=,bIP/OmQFYB/U0RhEVv1S3LWLu3Y=
7,-19,1iGugBqNdggKTlfLA2bQr4Bg6Ds=,bIP/OmQFYB/U0RhEVv1S3LWLu3Y=
10,-19,1iGugBqNdggKTlfLA2bQr4Bg6Ds=,mU4sVSLE0wo27epQ/naTRUQ0iUc=
11,-19,1iGugBqNdggKTlfLA2bQr4Bg6Ds=,mU4sVSLE0wo27epQ/naTRUQ0iUc=
10,-20,1iGugBqNdggKTlfLA2bQr4Bg6Ds=,mU4sVSLE0wo27epQ/naTRUQ0iUc=
11,-20,1iGugBqNdggKTlfLA2bQr4Bg6Ds=,mU4sVSLE0wo27epQ/naTRUQ0iUc=
1,-17,1iGugBqNdggKTlfLA2bQr4Bg6Ds=,Tb9C/YWFNwhOVRRTkCwkj7obtHg=
8,-18,1iGugBqNdggKTlfLA2bQr4Bg6Ds=,mU4sVSLE0wo27epQ/naTRUQ0iUc=
9,-18,1iGugBqNdggKTlfLA2bQr4Bg6Ds=,mU4sVSLE0wo27epQ/naTRUQ0iUc=
10,-18,1iGugBqNdggKTlfLA2bQr4Bg6Ds=,mU4sVSLE0wo27epQ/naTRUQ0iUc=
11,-18,1iGugBqNdggKTlfLA2bQr4Bg6Ds=,mU4sVSLE0wo27epQ/naTRUQ0iUc=
6,-17,1iGugBqNdggKTlfLA2bQr4Bg6Ds=,bIP/OmQFYB/U0RhEVv1S3LWLu3Y=
11,-17,1iGugBqNdggKTlfLA2bQr4Bg6Ds=,mU4sVSLE0wo27epQ/naTRUQ0iUc=
7,-17,1iGugBqNdggKTlfLA2bQr4Bg6Ds=,bIP/OmQFYB/U0RhEVv1S3LWLu3Y=
7,-18,1iGugBqNdggKTlfLA2bQr4Bg6Ds=,bIP/OmQFYB/U0RhEVv1S3LWLu3Y=
6,-18,1iGugBqNdggKTlfLA2bQr4Bg6Ds=,bIP/OmQFYB/U0RhEVv1S3LWLu3Y=
10,-17,1iGugBqNdggKTlfLA2bQr4Bg6Ds=,mU4sVSLE0wo27epQ/naTRUQ0iUc=
9,-17,1iGugBqNdggKTlfLA2bQr4Bg6Ds=,mU4sVSLE0wo27epQ/naTRUQ0iUc=
8,-17,1iGugBqNdggKTlfLA2bQr4Bg6Ds=,mU4sVSLE0wo27epQ/naTRUQ0iUc=
