38,2,hsn798eEmna0yoIeG5BB1lm44Qk=,zy2GU0grTrQ67OpK8sQ2CNWjB8U=
41,5,hsn798eEmna0yoIeG5BB1lm44Qk=,o2DpcPGcueUCiP9Ql57ziQaLSsY=
39,2,hsn798eEmna0yoIeG5BB1lm44Qk=,zy2GU0grTrQ67OpK8sQ2CNWjB8U=
41,3,hsn798eEmna0yoIeG5BB1lm44Qk=,XXpmvea8546UsXoQNO9GfIcvGQI=
38,3,hsn798eEmna0yoIeG5BB1lm44Qk=,zy2GU0grTrQ67OpK8sQ2CNWjB8U=
40,3,hsn798eEmna0yoIeG5BB1lm44Qk=,XXpmvea8546UsXoQNO9GfIcvGQI=
40,5,hsn798eEmna0yoIeG5BB1lm44Qk=,o2DpcPGcueUCiP9Ql57ziQaLSsY=
39,4,hsn798eEmna0yoIeG5BB1lm44Qk=,RHuQvsS2k7tVs+g/C8tA8RyT5CQ=
41,4,hsn798eEmna0yoIeG5BB1lm44Qk=,o2DpcPGcueUCiP9Ql57ziQaLSsY=
41,2,hsn798eEmna0yoIeG5BB1lm44Qk=,XXpmvea8546UsXoQNO9GfIcvGQI=
40,2,hsn798eEmna0yoIeG5BB1lm44Qk=,XXpmvea8546UsXoQNO9GfIcvGQI=
38,4,hsn798eEmna0yoIeG5BB1lm44Qk=,RHuQvsS2k7tVs+g/C8tA8RyT5CQ=
38,5,hsn798eEmna0yoIeG5BB1lm44Qk=,RHuQvsS2k7tVs+g/C8tA8RyT5CQ=
39,3,hsn798eEmna0yoIeG5BB1lm44Qk=,zy2GU0grTrQ67OpK8sQ2CNWjB8U=
40,4,hsn798eEmna0yoIeG5BB1lm44Qk=,o2DpcPGcueUCiP9Ql57ziQaLSsY=
39,5,hsn798eEmna0yoIeG5BB1lm44Qk=,RHuQvsS2k7tVs+g/C8tA8RyT5CQ=
36,3,hsn798eEmna0yoIeG5BB1lm44Qk=,zy2GU0grTrQ67OpK8sQ2CNWjB8U=
37,2,hsn798eEmna0yoIeG5BB1lm44Qk=,zy2GU0grTrQ67OpK8sQ2CNWjB8U=
37,3,hsn798eEmna0yoIeG5BB1lm44Qk=,zy2GU0grTrQ67OpK8sQ2CNWjB8U=
36,8,hsn798eEmna0yoIeG5BB1lm44Qk=,H7w+wxvk+5VWwq7t6US+Mt16QwA=
37,8,hsn798eEmna0yoIeG5BB1lm44Qk=,H7w+wxvk+5VWwq7t6US+Mt16QwA=
36,2,hsn798eEmna0yoIeG5BB1lm44Qk=,zy2GU0grTrQ67OpK8sQ2CNWjB8U=
36,5,hsn798eEmna0yoIeG5BB1lm44Qk=,RHuQvsS2k7tVs+g/C8tA8RyT5CQ=
37,7,hsn798eEmna0yoIeG5BB1lm44Qk=,RHuQvsS2k7tVs+g/C8tA8RyT5CQ=
35,6,hsn798eEmna0yoIeG5BB1lm44Qk=,0E3eRdzbMlTAxhSOKWF4F51I6MM=
36,7,hsn798eEmna0yoIeG5BB1lm44Qk=,RHuQvsS2k7tVs+g/C8tA8RyT5CQ=
34,6,hsn798eEmna0yoIeG5BB1lm44Qk=,0E3eRdzbMlTAxhSOKWF4F51I6MM=
35,7,hsn798eEmna0yoIeG5BB1lm44Qk=,0E3eRdzbMlTAxhSOKWF4F51I6MM=
34,7,hsn798eEmna0yoIeG5BB1lm44Qk=,0E3eRdzbMlTAxhSOKWF4F51I6MM=
37,6,hsn798eEmna0yoIeG5BB1lm44Qk=,RHuQvsS2k7tVs+g/C8tA8RyT5CQ=
36,6,hsn798eEmna0yoIeG5BB1lm44Qk=,RHuQvsS2k7tVs+g/C8tA8RyT5CQ=
35,3,hsn798eEmna0yoIeG5BB1lm44Qk=,FDejOq5jM3LdjQlEBWFb/fUDJy8=
37,5,hsn798eEmna0yoIeG5BB1lm44Qk=,RHuQvsS2k7tVs+g/C8tA8RyT5CQ=
34,2,hsn798eEmna0yoIeG5BB1lm44Qk=,FDejOq5jM3LdjQlEBWFb/fUDJy8=
35,2,hsn798eEmna0yoIeG5BB1lm44Qk=,FDejOq5jM3LdjQlEBWFb/fUDJy8=
36,9,hsn798eEmna0yoIeG5BB1lm44Qk=,H7w+wxvk+5VWwq7t6US+Mt16QwA=
34,3,hsn798eEmna0yoIeG5BB1lm44Qk=,FDejOq5jM3LdjQlEBWFb/fUDJy8=
35,4,hsn798eEmna0yoIeG5BB1lm44Qk=,0E3eRdzbMlTAxhSOKWF4F51I6MM=
37,9,hsn798eEmna0yoIeG5BB1lm44Qk=,H7w+wxvk+5VWwq7t6US+Mt16QwA=
35,5,hsn798eEmna0yoIeG5BB1lm44Qk=,0E3eRdzbMlTAxhSOKWF4F51I6MM=
36,4,hsn798eEmna0yoIeG5BB1lm44Qk=,RHuQvsS2k7tVs+g/C8tA8RyT5CQ=
34,5,hsn798eEmna0yoIeG5BB1lm44Qk=,0E3eRdzbMlTAxhSOKWF4F51I6MM=
37,4,hsn798eEmna0yoIeG5BB1lm44Qk=,RHuQvsS2k7tVs+g/C8tA8RyT5CQ=
34,4,hsn798eEmna0yoIeG5BB1lm44Qk=,0E3eRdzbMlTAxhSOKWF4F51I6MM=
38,8,MORBTIUO33qiDYR12tR1mSMIb70=,H7w+wxvk+5VWwq7t6US+Mt16QwA=
41,7,MORBTIUO33qiDYR12tR1mSMIb70=,o2DpcPGcueUCiP9Ql57ziQaLSsY=
38,7,MORBTIUO33qiDYR12tR1mSMIb70=,RHuQvsS2k7tVs+g/C8tA8RyT5CQ=
41,8,MORBTIUO33qiDYR12tR1mSMIb70=,P4mJLCU++vEOPgpEPZSL/UPPP4Q=
41,9,MORBTIUO33qiDYR12tR1mSMIb70=,P4mJLCU++vEOPgpEPZSL/UPPP4Q=
38,6,MORBTIUO33qiDYR12tR1mSMIb70=,RHuQvsS2k7tVs+g/C8tA8RyT5CQ=
41,6,MORBTIUO33qiDYR12tR1mSMIb70=,o2DpcPGcueUCiP9Ql57ziQaLSsY=
39,9,MORBTIUO33qiDYR12tR1mSMIb70=,H7w+wxvk+5VWwq7t6US+Mt16QwA=
38,9,MORBTIUO33qiDYR12tR1mSMIb70=,H7w+wxvk+5VWwq7t6US+Mt16QwA=
39,7,MORBTIUO33qiDYR12tR1mSMIb70=,RHuQvsS2k7tVs+g/C8tA8RyT5CQ=
40,8,MORBTIUO33qiDYR12tR1mSMIb70=,P4mJLCU++vEOPgpEPZSL/UPPP4Q=
40,9,MORBTIUO33qiDYR12tR1mSMIb70=,P4mJLCU++vEOPgpEPZSL/UPPP4Q=
40,6,MORBTIUO33qiDYR12tR1mSMIb70=,o2DpcPGcueUCiP9Ql57ziQaLSsY=
40,7,MORBTIUO33qiDYR12tR1mSMIb70=,o2DpcPGcueUCiP9Ql57ziQaLSsY=
39,6,MORBTIUO33qiDYR12tR1mSMIb70=,RHuQvsS2k7tVs+g/C8tA8RyT5CQ=
39,8,MORBTIUO33qiDYR12tR1mSMIb70=,H7w+wxvk+5VWwq7t6US+Mt16QwA=
42,6,MORBTIUO33qiDYR12tR1mSMIb70=,o2DpcPGcueUCiP9Ql57ziQaLSsY=
42,8,MORBTIUO33qiDYR12tR1mSMIb70=,P4mJLCU++vEOPgpEPZSL/UPPP4Q=
43,6,MORBTIUO33qiDYR12tR1mSMIb70=,o2DpcPGcueUCiP9Ql57ziQaLSsY=
43,8,MORBTIUO33qiDYR12tR1mSMIb70=,P4mJLCU++vEOPgpEPZSL/UPPP4Q=
42,9,MORBTIUO33qiDYR12tR1mSMIb70=,P4mJLCU++vEOPgpEPZSL/UPPP4Q=
43,9,MORBTIUO33qiDYR12tR1mSMIb70=,P4mJLCU++vEOPgpEPZSL/UPPP4Q=
42,7,MORBTIUO33qiDYR12tR1mSMIb70=,o2DpcPGcueUCiP9Ql57ziQaLSsY=
43,7,MORBTIUO33qiDYR12tR1mSMIb70=,o2DpcPGcueUCiP9Ql57ziQaLSsY=
42,4,MORBTIUO33qiDYR12tR1mSMIb70=,o2DpcPGcueUCiP9Ql57ziQaLSsY=
43,4,MORBTIUO33qiDYR12tR1mSMIb70=,o2DpcPGcueUCiP9Ql57ziQaLSsY=
42,2,MORBTIUO33qiDYR12tR1mSMIb70=,XXpmvea8546UsXoQNO9GfIcvGQI=
43,2,MORBTIUO33qiDYR12tR1mSMIb70=,XXpmvea8546UsXoQNO9GfIcvGQI=
42,3,MORBTIUO33qiDYR12tR1mSMIb70=,XXpmvea8546UsXoQNO9GfIcvGQI=
43,3,MORBTIUO33qiDYR12tR1mSMIb70=,XXpmvea8546UsXoQNO9GfIcvGQI=
42,5,MORBTIUO33qiDYR12tR1mSMIb70=,o2DpcPGcueUCiP9Ql57ziQaLSsY=
43,5,MORBTIUO33qiDYR12tR1mSMIb70=,o2DpcPGcueUCiP9Ql57ziQaLSsY=
42,0,MORBTIUO33qiDYR12tR1mSMIb70=,XXpmvea8546UsXoQNO9GfIcvGQI=
43,0,MORBTIUO33qiDYR12tR1mSMIb70=,XXpmvea8546UsXoQNO9GfIcvGQI=
42,1,MORBTIUO33qiDYR12tR1mSMIb70=,XXpmvea8546UsXoQNO9GfIcvGQI=
43,1,MORBTIUO33qiDYR12tR1mSMIb70=,XXpmvea8546UsXoQNO9GfIcvGQI=
40,0,MORBTIUO33qiDYR12tR1mSMIb70=,XXpmvea8546UsXoQNO9GfIcvGQI=
39,1,MORBTIUO33qiDYR12tR1mSMIb70=,zy2GU0grTrQ67OpK8sQ2CNWjB8U=
38,1,MORBTIUO33qiDYR12tR1mSMIb70=,zy2GU0grTrQ67OpK8sQ2CNWjB8U=
41,1,MORBTIUO33qiDYR12tR1mSMIb70=,XXpmvea8546UsXoQNO9GfIcvGQI=
40,1,MORBTIUO33qiDYR12tR1mSMIb70=,XXpmvea8546UsXoQNO9GfIcvGQI=
39,0,MORBTIUO33qiDYR12tR1mSMIb70=,zy2GU0grTrQ67OpK8sQ2CNWjB8U=
38,0,MORBTIUO33qiDYR12tR1mSMIb70=,zy2GU0grTrQ67OpK8sQ2CNWjB8U=
41,0,MORBTIUO33qiDYR12tR1mSMIb70=,XXpmvea8546UsXoQNO9GfIcvGQI=
46,14,MORBTIUO33qiDYR12tR1mSMIb70=,4vg8y74TnqyDLdlW/zYLQysok+4=
47,15,MORBTIUO33qiDYR12tR1mSMIb70=,4vg8y74TnqyDLdlW/zYLQysok+4=
46,15,MORBTIUO33qiDYR12tR1mSMIb70=,4vg8y74TnqyDLdlW/zYLQysok+4=
47,14,MORBTIUO33qiDYR12tR1mSMIb70=,4vg8y74TnqyDLdlW/zYLQysok+4=
46,12,MORBTIUO33qiDYR12tR1mSMIb70=,4vg8y74TnqyDLdlW/zYLQysok+4=
47,13,MORBTIUO33qiDYR12tR1mSMIb70=,4vg8y74TnqyDLdlW/zYLQysok+4=
46,13,MORBTIUO33qiDYR12tR1mSMIb70=,4vg8y74TnqyDLdlW/zYLQysok+4=
47,12,MORBTIUO33qiDYR12tR1mSMIb70=,4vg8y74TnqyDLdlW/zYLQysok+4=
36,10,MORBTIUO33qiDYR12tR1mSMIb70=,H7w+wxvk+5VWwq7t6US+Mt16QwA=
37,11,MORBTIUO33qiDYR12tR1mSMIb70=,H7w+wxvk+5VWwq7t6US+Mt16QwA=
36,11,MORBTIUO33qiDYR12tR1mSMIb70=,H7w+wxvk+5VWwq7t6US+Mt16QwA=
37,10,MORBTIUO33qiDYR12tR1mSMIb70=,H7w+wxvk+5VWwq7t6US+Mt16QwA=
36,0,MORBTIUO33qiDYR12tR1mSMIb70=,zy2GU0grTrQ67OpK8sQ2CNWjB8U=
37,0,MORBTIUO33qiDYR12tR1mSMIb70=,zy2GU0grTrQ67OpK8sQ2CNWjB8U=
36,1,MORBTIUO33qiDYR12tR1mSMIb70=,zy2GU0grTrQ67OpK8sQ2CNWjB8U=
37,1,MORBTIUO33qiDYR12tR1mSMIb70=,zy2GU0grTrQ67OpK8sQ2CNWjB8U=
34,0,MORBTIUO33qiDYR12tR1mSMIb70=,FDejOq5jM3LdjQlEBWFb/fUDJy8=
35,0,MORBTIUO33qiDYR12tR1mSMIb70=,FDejOq5jM3LdjQlEBWFb/fUDJy8=
35,1,MORBTIUO33qiDYR12tR1mSMIb70=,FDejOq5jM3LdjQlEBWFb/fUDJy8=
32,7,MORBTIUO33qiDYR12tR1mSMIb70=,0E3eRdzbMlTAxhSOKWF4F51I6MM=
33,7,MORBTIUO33qiDYR12tR1mSMIb70=,0E3eRdzbMlTAxhSOKWF4F51I6MM=
32,6,MORBTIUO33qiDYR12tR1mSMIb70=,0E3eRdzbMlTAxhSOKWF4F51I6MM=
33,6,MORBTIUO33qiDYR12tR1mSMIb70=,0E3eRdzbMlTAxhSOKWF4F51I6MM=
32,2,MORBTIUO33qiDYR12tR1mSMIb70=,FDejOq5jM3LdjQlEBWFb/fUDJy8=
33,2,MORBTIUO33qiDYR12tR1mSMIb70=,FDejOq5jM3LdjQlEBWFb/fUDJy8=
34,1,MORBTIUO33qiDYR12tR1mSMIb70=,FDejOq5jM3LdjQlEBWFb/fUDJy8=
32,5,Smm23sXF4iFJKn2HLWSPodkK43g=,0E3eRdzbMlTAxhSOKWF4F51I6MM=
33,5,Smm23sXF4iFJKn2HLWSPodkK43g=,0E3eRdzbMlTAxhSOKWF4F51I6MM=
33,0,Smm23sXF4iFJKn2HLWSPodkK43g=,FDejOq5jM3LdjQlEBWFb/fUDJy8=
33,3,Smm23sXF4iFJKn2HLWSPodkK43g=,FDejOq5jM3LdjQlEBWFb/fUDJy8=
32,3,Smm23sXF4iFJKn2HLWSPodkK43g=,FDejOq5jM3LdjQlEBWFb/fUDJy8=
32,0,Smm23sXF4iFJKn2HLWSPodkK43g=,FDejOq5jM3LdjQlEBWFb/fUDJy8=
33,1,Smm23sXF4iFJKn2HLWSPodkK43g=,FDejOq5jM3LdjQlEBWFb/fUDJy8=
32,4,Smm23sXF4iFJKn2HLWSPodkK43g=,0E3eRdzbMlTAxhSOKWF4F51I6MM=
32,1,Smm23sXF4iFJKn2HLWSPodkK43g=,FDejOq5jM3LdjQlEBWFb/fUDJy8=
33,4,Smm23sXF4iFJKn2HLWSPodkK43g=,0E3eRdzbMlTAxhSOKWF4F51I6MM=
45,15,Smm23sXF4iFJKn2HLWSPodkK43g=,4vg8y74TnqyDLdlW/zYLQysok+4=
43,15,AegSKcA9qssk66Vr6mVekukddmA=,hCQXCFQapdngHxOhfIG8Rwxc2Cg=
43,13,AegSKcA9qssk66Vr6mVekukddmA=,hCQXCFQapdngHxOhfIG8Rwxc2Cg=
44,15,AegSKcA9qssk66Vr6mVekukddmA=,4vg8y74TnqyDLdlW/zYLQysok+4=
42,13,AegSKcA9qssk66Vr6mVekukddmA=,hCQXCFQapdngHxOhfIG8Rwxc2Cg=
44,14,AegSKcA9qssk66Vr6mVekukddmA=,4vg8y74TnqyDLdlW/zYLQysok+4=
39,11,AegSKcA9qssk66Vr6mVekukddmA=,H7w+wxvk+5VWwq7t6US+Mt16QwA=
38,11,AegSKcA9qssk66Vr6mVekukddmA=,H7w+wxvk+5VWwq7t6US+Mt16QwA=
45,14,AegSKcA9qssk66Vr6mVekukddmA=,4vg8y74TnqyDLdlW/zYLQysok+4=
40,13,AegSKcA9qssk66Vr6mVekukddmA=,hCQXCFQapdngHxOhfIG8Rwxc2Cg=
43,14,AegSKcA9qssk66Vr6mVekukddmA=,hCQXCFQapdngHxOhfIG8Rwxc2Cg=
40,15,AegSKcA9qssk66Vr6mVekukddmA=,hCQXCFQapdngHxOhfIG8Rwxc2Cg=
45,13,AegSKcA9qssk66Vr6mVekukddmA=,4vg8y74TnqyDLdlW/zYLQysok+4=
44,13,AegSKcA9qssk66Vr6mVekukddmA=,4vg8y74TnqyDLdlW/zYLQysok+4=
43,12,AegSKcA9qssk66Vr6mVekukddmA=,hCQXCFQapdngHxOhfIG8Rwxc2Cg=
42,12,AegSKcA9qssk66Vr6mVekukddmA=,hCQXCFQapdngHxOhfIG8Rwxc2Cg=
39,10,AegSKcA9qssk66Vr6mVekukddmA=,H7w+wxvk+5VWwq7t6US+Mt16QwA=
38,10,AegSKcA9qssk66Vr6mVekukddmA=,H7w+wxvk+5VWwq7t6US+Mt16QwA=
40,10,AegSKcA9qssk66Vr6mVekukddmA=,P4mJLCU++vEOPgpEPZSL/UPPP4Q=
42,14,AegSKcA9qssk66Vr6mVekukddmA=,hCQXCFQapdngHxOhfIG8Rwxc2Cg=
42,10,AegSKcA9qssk66Vr6mVekukddmA=,P4mJLCU++vEOPgpEPZSL/UPPP4Q=
43,10,AegSKcA9qssk66Vr6mVekukddmA=,P4mJLCU++vEOPgpEPZSL/UPPP4Q=
41,15,AegSKcA9qssk66Vr6mVekukddmA=,hCQXCFQapdngHxOhfIG8Rwxc2Cg=
41,10,AegSKcA9qssk66Vr6mVekukddmA=,P4mJLCU++vEOPgpEPZSL/UPPP4Q=
43,11,AegSKcA9qssk66Vr6mVekukddmA=,P4mJLCU++vEOPgpEPZSL/UPPP4Q=
42,11,AegSKcA9qssk66Vr6mVekukddmA=,P4mJLCU++vEOPgpEPZSL/UPPP4Q=
45,12,AegSKcA9qssk66Vr6mVekukddmA=,4vg8y74TnqyDLdlW/zYLQysok+4=
44,12,AegSKcA9qssk66Vr6mVekukddmA=,4vg8y74TnqyDLdlW/zYLQysok+4=
40,12,AegSKcA9qssk66Vr6mVekukddmA=,hCQXCFQapdngHxOhfIG8Rwxc2Cg=
40,11,AegSKcA9qssk66Vr6mVekukddmA=,P4mJLCU++vEOPgpEPZSL/UPPP4Q=
40,14,AegSKcA9qssk66Vr6mVekukddmA=,hCQXCFQapdngHxOhfIG8Rwxc2Cg=
41,11,AegSKcA9qssk66Vr6mVekukddmA=,P4mJLCU++vEOPgpEPZSL/UPPP4Q=
42,15,AegSKcA9qssk66Vr6mVekukddmA=,hCQXCFQapdngHxOhfIG8Rwxc2Cg=
41,12,AegSKcA9qssk66Vr6mVekukddmA=,hCQXCFQapdngHxOhfIG8Rwxc2Cg=
41,13,AegSKcA9qssk66Vr6mVekukddmA=,hCQXCFQapdngHxOhfIG8Rwxc2Cg=
41,14,AegSKcA9qssk66Vr6mVekukddmA=,hCQXCFQapdngHxOhfIG8Rwxc2Cg=
40,18,l/itQK39C/YERQn8vMsuTxolN+4=,WaN8jbzy2WjQo/LzZEzsPTb9G0g=
41,18,l/itQK39C/YERQn8vMsuTxolN+4=,WaN8jbzy2WjQo/LzZEzsPTb9G0g=
43,19,l/itQK39C/YERQn8vMsuTxolN+4=,WaN8jbzy2WjQo/LzZEzsPTb9G0g=
42,19,l/itQK39C/YERQn8vMsuTxolN+4=,WaN8jbzy2WjQo/LzZEzsPTb9G0g=
41,19,l/itQK39C/YERQn8vMsuTxolN+4=,WaN8jbzy2WjQo/LzZEzsPTb9G0g=
40,19,l/itQK39C/YERQn8vMsuTxolN+4=,WaN8jbzy2WjQo/LzZEzsPTb9G0g=
43,18,l/itQK39C/YERQn8vMsuTxolN+4=,WaN8jbzy2WjQo/LzZEzsPTb9G0g=
42,18,l/itQK39C/YERQn8vMsuTxolN+4=,WaN8jbzy2WjQo/LzZEzsPTb9G0g=
43,17,l/itQK39C/YERQn8vMsuTxolN+4=,WaN8jbzy2WjQo/LzZEzsPTb9G0g=
40,16,l/itQK39C/YERQn8vMsuTxolN+4=,WaN8jbzy2WjQo/LzZEzsPTb9G0g=
40,17,l/itQK39C/YERQn8vMsuTxolN+4=,WaN8jbzy2WjQo/LzZEzsPTb9G0g=
41,17,l/itQK39C/YERQn8vMsuTxolN+4=,WaN8jbzy2WjQo/LzZEzsPTb9G0g=
41,16,l/itQK39C/YERQn8vMsuTxolN+4=,WaN8jbzy2WjQo/LzZEzsPTb9G0g=
42,17,l/itQK39C/YERQn8vMsuTxolN+4=,WaN8jbzy2WjQo/LzZEzsPTb9G0g=
43,16,l/itQK39C/YERQn8vMsuTxolN+4=,WaN8jbzy2WjQo/LzZEzsPTb9G0g=
42,16,l/itQK39C/YERQn8vMsuTxolN+4=,WaN8jbzy2WjQo/LzZEzsPTb9G0g=
